catalogue_slug,catalogue_title,catalogue_author,ebook_slug,ebook_author,same_work
គណិតវិទ្យា-ថ្នាក់ទី១,គណិតវិទ្យា ថ្នាក់ទី១,អ៊ុក សុមនី,គណិតវិទ្យា-ថ្នាក់ទី១,ក្រសួងអប់រំ យុវជន និងកីឡា,
វិទ្យាសាស្ត្រ-ថ្នាក់ទី៨,វិទ្យាសាស្ត្រ ថ្នាក់ទី៨,សូ គន្ធី,វិទ្យាសាស្ត្រ-ថ្នាក់ទី៨,ក្រសួងអប់រំ យុវជន និងកីឡា,
វិទ្យាសាស្ត្រ-ថ្នាក់ទី៨,វិទ្យាសាស្ត្រ ថ្នាក់ទី៨,សូ គន្ធី,វិទ្យាសាស្ត្រ-ថ្នាក់ទី៨-1,ក្រសួងអប់រំ យុវជន និងកីឡា,
ការអប់រំពហុមេឌ,ការអប់រំពហុមេឌៀ,ឈូក ច័ន្ទឆាយា,ការអប់រំពហុមេឌៀ,ក្រសួងអប់រំ យុវជន និងកីឡា,
ផែនដីនិងបរិស្ថានវិទ្យា-ថ្នាក់ទី១២,ផែនដីនិងបរិស្ថានវិទ្យា ថ្នាក់ទី១២,ណារ៉េត ប៉ូលីវីន,ផែនដីនិងបរិស្ថានវិទ្យា-ថ្នាក់ទី១២,ក្រសួងអប់រំ យុវជន និងកីឡា,
គណិតវិទ្យា-ថ្នាក់ទី៣,គណិតវិទ្យា ថ្នាក់ទី៣,ព្រំ វិបុល,គណិតវិទ្យា-ថ្នាក់ទី៣,ក្រសួងអប់រំ យុវជន និងកីឡា,
គណិតវិទ្យា-ថ្នាក់ទី៤,គណិតវិទ្យា ថ្នាក់ទី៤,ព្រំ វិបុល,គណិតវិទ្យា-ថ្នាក់ទី៤,ក្រសួងអប់រំ យុវជន និងកីឡា,
គណិតវិទ្យា-ថ្នាក់ទី៩,គណិតវិទ្យា ថ្នាក់ទី៩,អ៊ុក សុមនី,គណិតវិទ្យា-ថ្នាក់ទី៩,ក្រសួងអប់រំ យុវជន និងកីឡា,
គណិតវិទ្យា-ថ្នាក់ទី១០-ភាគ២,គណិតវិទ្យា ថ្នាក់ទី១០ ភាគ២,អ៊ី ស៊ាងលី,គណិតវិទ្យា-ថ្នាក់ទី១០-ភាគ២,ក្រសួងអប់រំ យុវជន និងកីឡា,
វិទ្យាសាស្ត្រ-ថ្នាក់ទី៦,វិទ្យាសាស្ត្រ ថ្នាក់ទី៦,អ៊ឹង គឹមសាន,វិទ្យាសាស្ត្រ-ថ្នាក់ទី៦,ក្រសួងអប់រំ យុវជន និងកីឡា,
ជីវវិទ្យា-ថ្នាក់ទី១០,ជីវវិទ្យា ថ្នាក់ទី១០,យឹម យីហ៊ុប,ជីវវិទ្យា-ថ្នាក់ទី១០-1,អង្គការ JICA,
ជីវវិទ្យា-ថ្នាក់ទី១០,ជីវវិទ្យា ថ្នាក់ទី១០,យឹម យីហ៊ុប,ជីវវិទ្យា-ថ្នាក់ទី១០,អង្គការ JICA,
ជីវវិទ្យា-ថ្នាក់ទី១១,ជីវវិទ្យា ថ្នាក់ទី១១,យឹម យីហ៊ុប,ជីវវិទ្យា-ថ្នាក់ទី១១,ក្រសួងអប់រំ យុវជន និងកីឡា,
ភាសាខ្មែរ-ថ្នាក់ទី២,ភាសាខ្មែរ ថ្នាក់ទី២,យិន ស៊ីដា,ភាសាខ្មែរ-ថ្នាក់ទី២,ក្រសួងអប់រំ យុវជន និងកីឡា,
វិទ្យាសាស្ត្រ-ថ្នាក់ទី៥,វិទ្យាសាស្ត្រ ថ្នាក់ទី៥,អ៊ឹង គឹមសាន,វិទ្យាសាស្ត្រ-ថ្នាក់ទី៥,ក្រសួងអប់រំ យុវជន និងកីឡា,
វិទ្យាសាស្ត្រ-ថ្នាក់ទី៧,វិទ្យាសាស្ត្រ ថ្នាក់ទី៧,អេង គឹមលី,វិទ្យាសាស្ត្រ-ថ្នាក់ទី៧,ក្រសួងអប់រំ យុវជន និងកីឡា,
research-methods-in-education-5th-edition-cohen-louis,Research Methods in Education 5th edition,Cohen Louis,research-methods-in-education-5th-edition,"Louis Cohen, Lawrence Manion, Keith Morrison",
ជីវវិទ្យា-ថ្នាក់ទី១២,ជីវវិទ្យា ថ្នាក់ទី១២,យឹម យីហ៊ុប,ជីវវិទ្យា-ថ្នាក់ទី១២,ក្រសួងអប់រំ យុវជន និងកីឡា,
ភាសាសរសេរកូដកម្មវិធី-python,ភាសាសរសេរកូដកម្មវិធី Python,ឈូក ច័ន្ទឆាយា,ភាសាសរសេរកូដកម្មវិធី-python,ក្រសួងអប់រំ យុវជន និងកីឡា,
ផែនដីនិងបរិស្ថានវិទ្យា-ថ្នាក់ទី១០,ផែនដីនិងបរិស្ថានវិទ្យា ថ្នាក់ទី១០,ណារ៉េត ប៉ូលីវីន,ផែនដីនិងបរិស្ថានវិទ្យា-ថ្នាក់ទី១០,ក្រសួងអប់រំ យុវជន និងកីឡា,
ការណែនាំអំពីមូលដ្ឋានទិន្នន័យ,ការណែនាំអំពីមូលដ្ឋានទិន្នន័យ,ឈូក ច័ន្ទឆាយា,ការណែនាំអំពីមូលដ្ឋានទិន្នន័យ,ក្រសួងអប់រំ យុវជន និងកីឡា,
គីមីវិទ្យា-ថ្នាក់ទី១២,គីមីវិទ្យា ថ្នាក់ទី១២,សួន សុជាតិ,គីមីវិទ្យា-ថ្នាក់ទី១២,ក្រសួងអប់រំ យុវជន និងកីឡា,
ការអប់រំព័ត៌មានវិទ្យ,ការអប់រំព័ត៌មានវិទ្យា,ឈូក ច័ន្ទឆាយា,ការអប់រំព័ត៌មានវិទ្យា,ក្រសួងអប់រំ យុវជន និងកីឡា,
សិក្សាសង្គម-ថ្នាក់ទី៧,សិក្សាសង្គម ថ្នាក់ទី៧,មាស សុក្ខន,សិក្សាសង្គម-ថ្នាក់ទី៧,ក្រសួងអប់រំ យុវជន និងកីឡា,
គណិតវិទ្យា-ថ្នាក់ទី៨,គណិតវិទ្យា ថ្នាក់ទី៨,អ៊ុក សុមនី,គណិតវិទ្យា-ថ្នាក់ទី៨,ក្រសួងអប់រំ យុវជន និងកីឡា,
គណិតវិទ្យា-ថ្នាក់ទី៨,គណិតវិទ្យា ថ្នាក់ទី៨,អ៊ុក សុមនី,គណិតវិទ្យា-ថ្នាក់ទី៨-1,ក្រសួងអប់រំ យុវជន និងកីឡា,
វិទ្យាសាស្ត្រ-សិក្សាសង្គម-ថ្នាក់ទី២,វិទ្យាសាស្ត្រ-សិក្សាសង្គម ថ្នាក់ទី២,អ៊ឹង គឹមសាន,វិទ្យាសាស្ត្រ-សិក្សាសង្គម-ថ្នាក់ទី២,ក្រសួងអប់រំ យុវជន និងកីឡា,
គណិតវិទ្យា-ថ្នាក់ទី២,គណិតវិទ្យា ថ្នាក់ទី២,អ៊ុក សុមនី,គណិតវិទ្យា-ថ្នាក់ទី២,ក្រសួងអប់រំ យុវជន និងកីឡា,
វិទ្យាសាស្ត្រ-សិក្សាសង្គម-ថ្នាក់ទី១,វិទ្យាសាស្ត្រ-សិក្សាសង្គម ថ្នាក់ទី១,អ៊ឹង គឹមសាន,វិទ្យាសាស្ត្រ-សិក្សាសង្គម-ថ្នាក់ទី១,ក្រសួងអប់រំ យុវជន និងកីឡា,
វិទ្យាសាស្ត្រ-ថ្នាក់ទី៩,វិទ្យាសាស្ត្រ ថ្នាក់ទី៩,សូ គន្ធី,វិទ្យាសាស្ត្រ-ថ្នាក់ទី៩,ក្រសួងអប់រំ យុវជន និងកីឡា,
គណិតវិទ្យា-ថ្នាក់ទី៧,គណិតវិទ្យា ថ្នាក់ទី៧,អ៊ុក សុមនី,គណិតវិទ្យា-ថ្នាក់ទី៧,ក្រសួងអប់រំ យុវជន និងកីឡា,
គណិតវិទ្យា-ថ្នាក់ទី៧,គណិតវិទ្យា ថ្នាក់ទី៧,អ៊ុក សុមនី,គណិតវិទ្យា-ថ្នាក់ទី៧-1,ក្រសួងអប់រំ យុវជន និងកីឡា,
កំណែទម្រង់សាលារៀននៅកម្ពុជ,កំណែទម្រង់សាលារៀននៅកម្ពុជា,ហង់ជួន ណារ៉ុន,កំណែទម្រង់សាលារៀននៅកម្ពុជា,បណ្ឌិតសភាចារ្យ ហង់ជួន ណារ៉ុន,
វិទ្យាសាស្ត្រ-សិក្សាសង្គម-ថ្នាក់ទី៣,វិទ្យាសាស្ត្រ-សិក្សាសង្គម ថ្នាក់ទី៣,អ៊ឹង គឹមសាន,វិទ្យាសាស្ត្រ-សិក្សាសង្គម-ថ្នាក់ទី៣,ក្រសួងអប់រំ យុវជន និងកីឡា,
action-research-series-volume-2-set-seng-phd,Action research series volume 2,set seng ph.D,action-research-series-volume-2,Phnom Penh Teacher Education College,
រូបវិទ្យា-ថ្នាក់ទី១១,រូបវិទ្យា ថ្នាក់ទី១១,អៀម ច័ន្ទឌី,រូបវិទ្យា-ថ្នាក់ទី១១,ក្រសួងអប់រំ យុវជន និងកីឡា,
គីមីវិទ្យា-ថ្នាក់ទី១១,គីមីវិទ្យា ថ្នាក់ទី១១,សួន សុជាតិ,គីមីវិទ្យា-ថ្នាក់ទី១១,ក្រសួងអប់រំ យុវជន និងកីឡា,
ការអប់រំ-steam-តាមរយៈ-ict,ការអប់រំ STEAM តាមរយៈ ICT,ឈូក ច័ន្ទឆាយា,ការអប់រំ-steam-តាមរយៈ-ict,ក្រសួងអប់រំ យុវជន និងកីឡា,
គណិតវិទ្យា-ថ្នាក់ទី៦,គណិតវិទ្យា ថ្នាក់ទី៦,ព្រំ វិបុល,គណិតវិទ្យា-ថ្នាក់ទី៦,ក្រសួងអប់រំ យុវជន និងកីឡា,
គណិតវិទ្យា-ថ្នាក់ទី១០-ភាគ១,គណិតវិទ្យា ថ្នាក់ទី១០ ភាគ១,អ៊ី ស៊ាងលី,គណិតវិទ្យា-ថ្នាក់ទី១០-ភាគ១,ក្រសួងអប់រំ យុវជន និងកីឡា,
