author_as_catalogued,records,example_title,suggested_if_inverted,decision
Kheong Fong Ho,28,"Maths : 4B,. Teacher's planning guide",Fong Ho Kheong,
Lee Ngan Hoe,17,"Shaping maths : 4B,. Coursebook 3rd Edition",Ngan Hoe Lee,
I.Charles Randall,12,Teacher's Edition - envision Mathematics Common Core - Grade 3 Volume 2 Topics 8-16,Randall I.Charles,
Renshaw Jason,11,Boost! reading : 4,Jason Renshaw,
Poskitt Kjartan,10,Murderous maths,Kjartan Poskitt,
Gloria E Pat,9,Jest-in-Fun,E Pat Gloria,
TOSHO GAKKO,8,Junior High School Mathematics : 1,GAKKO TOSHO,
Cotton Tony,7,Oxford International Primary Mathsb 1,Tony Cotton,
Fong Ho Kheong,7,"Maths : 6A,. Pupil's book",Ho Kheong Fong,
Shinko Shuppansha,7,Fun with Math 4B for Elementary School,Shuppansha Shinko,
Young Learner Publication India,7,Beauty and The Beast,Learner Publication India Young,
Hang Chuon Naron,6,Economie du Cambodge nouvelles frontières du développement socio-économique,Chuon Naron Hang,
Kiyosaki Robert,6,Rich Dad Poor Dad - ឪពុកអ្នកមានបង្រៀនកូន,Robert Kiyosaki,
Tan Kok Siang,6,SCIENCE Around Us Lower Secondary Module 3 Wonders of My Body(I),Kok Siang Tan,
Byrne Rhonda,5,ដឺផៅវ៍រ - The Power,Rhonda Byrne,
Capewell David,5,MyMaths for Key Stage 3,David Capewell,
GAKKO TOSHO,5,Mathematics for Elementary School For 6th Grade,TOSHO GAKKO,
IWAMA Miyoko,5,ការសិក្សាបរិស្ថាន កម្ពុជាជាទីស្រឡាញ់របស់យើង,Miyoko IWAMA,
Toh Tin Lam,5,MATHS360 NORMAL(TEACHNICAL)3,Tin Lam Toh,
Yeo Joseph,5,New syllabus mathematics 2,Joseph Yeo,
Clissold Caroline,4,"Oxford international primary maths : Stage 4,. Teacher's guide 4",Caroline Clissold,
Fong Joan,4,SCIENCE MATTERS Practical Book Volume A 2nd Edition,Joan Fong,
Ho Kheong Fong,4,5A Teacher's planning guide,Kheong Fong Ho,
kheong Fong Ho,4,My Pals ARE HERE! Maths Enrichment 5A,Fong Ho kheong,
Labbé Brigitte,4,ខ្ញុំចង់ដឹងជីវិតរបស់... ម៉ាកូ ប៉ូឡូ,Brigitte Labbé,
Robinson Ken,4,Creative schools : revolutionizing education from the ground up,Ken Robinson,
Tracy Brian,4,ចិត្តសាស្រ្តនៃការលក់ - The Psychology of Selling,Brian Tracy,
A.DiSpezeio Michael,3,HMH SCIENCE DIMENSIONS CHEMISTRY,Michael A.DiSpezeio,
Carnegie Dale,3,យកឈ្នះក្តីទុក្ខសាងជីវិតស្រស់បំព្រង - How to Stop Worrying and Start Living,Dale Carnegie,
DEWEY John,3,DEMOCRACY AND EDUCATION,John DEWEY,
FULLAN MICHAEL,3,The principal : three keys to maximizing impact,MICHAEL FULLAN,
Gladwell Malcolm,3,Blink EXPORT: The Power of Thinking without Thinking,Malcolm Gladwell,
Harvard Business,3,ALIFNING TEACHNOLOGY WITH STRATERGY,Business Harvard,
J.Samuels Richard,3,Securing Japan,Richard J.Samuels,
Jensen Eric,3,BRAIN-BASED LEARNING,Eric Jensen,
Jones Mary,3,Cambridge International AS and A level Biology Coursebook,Mary Jones,
Koji TAKAHASHI,3,សៀវភៅណែនាំ ស្ដីអំពី ការបង្រៀន និង រៀនវិទ្យាសាស្ត្រតាមបែបរិះរក Inquiry-Based Learning,TAKAHASHI Koji,
Lam Peng Kwan,3,Biology matters. GCE 'O' level 2ND EDITION PRACTICAL BOOK,Peng Kwan Lam,
Lillard Paula Polk,3,Montessori A Modern Approach,Paula Polk Lillard,
Marshall Cavendish,3,SCIENCE BOOSTER,Cavendish Marshall,
Maxwell John C.,3,សំណួរល្អដើម្បីក្លាយជាកំពូលអ្នកដឹកនាំ Good leaders ask great questions,John C. Maxwell,
Maya Kalyanpur,3,ការបង្រៀនសិស្សមានបញ្ហាបញ្ញានៅក្នុងថ្នាក់អប់រំបញ្ចូលគ្នា ឆ្នាំ២០១២,Kalyanpur Maya,
Parmar Neelam,3,DIGITAL LITERACY In Primary Classroom Year4,Neelam Parmar,
Paul Nicholson,3,English grade 9,Nicholson Paul,
Planning Curriculum,3,All about social studies Normal (Technical) secondary 2A coursebook,Curriculum Planning,
Robertson William C,3,More chemistry basics,William C Robertson,
set seng ph.D,3,ការស្រាវជ្រាវប្រតិបត្តិ ភាគ៣,seng ph.D set,
Williams Martin,3,MyMaths for Key Stage 3,Martin Williams,
Yeap Ban Har,3,New Syllabus Mathematics Normal (Academic) Workbook 5,Ban Har Yeap,
A. Jalil Zalina,2,My Pals are Here! Maths 6 Tests,Jalil Zalina A.,
Afflerbach Peter,2,Reading Street : Grade 4,Peter Afflerbach,
AOKI MASAHIKO,2,JAPANESE FIRM Sources of Competitive Strength,MASAHIKO AOKI,
BAKER LOTTIE,2,English Teaching FORUM : Listening to Diverse English Voices through Podcasts,LOTTIE BAKER,
Baym Nina,2,The Norton anthology of American literature,Nina Baym,
Bell Les,2,EDUCATION POLICY,Les Bell,
Berman Karen,2,FINANCIAL INTELLIGENCE for HR Professionals,Karen Berman,
Blokdyk Gerardus,2,Database Management Systems A Clear and Concise Reference,Gerardus Blokdyk,
Buckingham Marcus,2,NINE LIFES ABOUT WORK,Marcus Buckingham,
Bullock Richard H,2,The Little Seagull Handbook,Richard H Bullock,
Celce-Murcia Marianne,2,Teaching English as a Second or Foreign Language,Marianne Celce-Murcia,
Chandler David,2,ប្រវត្តិសាស្ត្រខ្មែរ,David Chandler,
CHEW CHARLES,2,PHYSICS MATTERS GCE'O' LEVEL 4TH EDITION,CHARLES CHEW,
Cohen Louis,2,Research Methods in Education,Louis Cohen,
D.SAGOR RICHARD,2,The Action Research Guidebook: A Process for Pursuing Equity and Excellence in Education,RICHARD D.SAGOR,
David Chadwick,2,TERROR AND HISTORY IN POL POT'S SECRET PRISON,Chadwick David,
Delpit Lisa,2,Other People's Children: Cultural Conflict in the Classroom,Lisa Delpit,
DONALD KEENE,2,EMPEROR OF JAPAN,KEENE DONALD,
Dore Ronald,2,Stock Market Capitalism: Welfare Capitalism Japan and Germany versus the Anglo-Saxons,Ronald Dore,
Dr Har Yeap Ban,2,Shinglee New Syllabus Additional Mathematics workbook 9th Edition,Har Yeap Ban Dr,
Dr Siang Tan Kok,2,Science Around Us Module 3 Wonders of My Body (I),Siang Tan Kok Dr,
Dr Yeo Joseph,2,New syllabus mathematics. 4 workbook,Yeo Joseph Dr,
DWECK CHAROL S.,2,ប្ដូរវិធីគិតលិខិតជោគវាសនា,CHAROL S. DWECK,
E.Mills Geoffrey,2,Educational Research Competencies for Analysis and Applications,Geoffrey E.Mills,
Ellis Rod,2,Task-based language learning and teaching,Rod Ellis,
Forsyth Donelson R.,2,Group dynamics,Donelson R. Forsyth,
GARDNER HOWARD,2,Frames of Mind,HOWARD GARDNER,
Gatto John Taylor,2,Dumbing Us Down - 25th Anniversary Edition: The Hidden Curriculum of Compulsory Schooling,John Taylor Gatto,
Geyte Els,2,Collins English for Exams -get ready for IELTS reading,Els Geyte,
Giddens Anthony,2,Essentials of sociology,Anthony Giddens,
Goffee Rob,2,Why should anyone be led by you?,Rob Goffee,
Gordon Andrew,2,Postwar Japan As History,Andrew Gordon,
Green Christopher,2,MaMaths for Key Stage3 2C,Christopher Green,
Green Christopher J,2,MyMaths for Key Stage 3 : 1A. Teacher companion,Christopher J Green,
HAI JIM,2,Expert On Cambridge IELTS : Practice Tests 3,JIM HAI,
Har Yeap Ban,2,Bar modeling A Problem-Solving Tool,Yeap Ban Har,
Hattie John,2,10 mindframes for visible learning : teaching for success,John Hattie,
HAY NGORN TOUCH,2,ENGLISH FOR CAMBODIA : TEACHER`S GUIDE : BOOK FIVE,NGORN TOUCH HAY,
Heyworth Rex M,2,ALL ABOUT SCIENCE FOR LOWER SECONDARY VOLUME A - PRACTICAL WORKBOOK,Rex M Heyworth,
Holt John,2,How Children Learn (50th anniversary edition) (A Merloyd Lawrence Book),John Holt,
Hubbard Mandy,2,Dangerous boy,Mandy Hubbard,
J. Katzenstein Peter,2,Cultural Norms & National Security,Katzenstein Peter J.,
Jalil Zalina A.,2,My pals are here! Maths 5 : Tests 3rd Edition,Zalina A. Jalil,
Joan fong,2,SCIENCE lower sencondary 2nd Edition,fong Joan,
K. Vogel Steven,2,U.S.-Japan Relations in a Changing World,Vogel Steven K.,
kalyanpur Maya,2,ការអប់រំបញ្ជូលគ្នាឆ្នាំ២០១២,Maya kalyanpur,
Kelly Joseph,2,The Seagull Reader - Plays,Joseph Kelly,
Ken Honda,2,សេចក្ដីសុខហិរញ្ញវត្ថុ,Honda Ken,
Kim Soon Ivan Lau,2,Maths Problems in Real-World Contexts `O` Level,Soon Ivan Lau Kim,
Kim W. Chan,2,The W. Chan Kim & Renée Mauborgne Blue Ocean Strategy reader : the iconic articles by the bestselling authors of Blue Oc,W. Chan Kim,
Koh Siew Luan,2,Systems 3 & 4,Siew Luan Koh,
Kotler Philip,2,ការធ្វើទីផ្សារ ៤.០ ដំណើរឆ្ពោះទៅរកទីផ្សារឌីជីថល - Marketing 4.0 Moving from Tranditional to Digital,Philip Kotler,
Kotter John P.,2,John P. Kotter on What Leaders Really Do,John P. Kotter,
Kozol Jonathan,2,Savage inequalities : children in America's schools,Jonathan Kozol,
Kumar Ranjit,2,Research methodology : a step-by-step guide for beginners,Ranjit Kumar,
Larousse Pierre,2,Nouveau Larousse élémentaire,Pierre Larousse,
Lebauer Roni,2,JOURNEYS READING 2,Roni Lebauer,
Lee Sharon,2,Partners In Necessity,Sharon Lee,
Lutes Bryn,2,Experience Chemistry - Vol 2,Bryn Lutes,
Michael FULLAN,2,THE NEW MEANING OF EDUCATIONAL CHANGE 4th edition,FULLAN Michael,
Miller Zipporah,2,Teacher Edition elevate science (4),Zipporah Miller,
Mishra Abhishek,2,Swift iOS 24-Hour Trainer,Abhishek Mishra,
MORGAN LY,2,Next Time You See a Pill Bug,LY MORGAN,
Muschla Judith A,2,Hands-on math projects with real-life applications,Judith A Muschla,
Or Siem,2,English grade 5,Siem Or,
Ponchaud François,2,កម្ពុជា ឆ្នាំសូន្យ,François Ponchaud,
Postman Neil,2,Teaching As a Subversive Activity : A No-Holds-Barred Assault on Outdated Teaching Methods-with Dramatic,Neil Postman,
Pov Sok,2,SAMDECH HUN SEN SUPREME FOUNDER AND FATHER OF PEACE OF CAMBODIA,Sok Pov,
Review Harvard Business,2,HBR's 10 Must Reads on Making Smart Decisions,Harvard Business Review,
Richards Keith,2,Research methods for applied language studies,Keith Richards,
Robert T Kiyosaki,2,ឪពុកអ្នកមានបង្រៀនកូន «ឱ្យក្លាយជាអ្នកមានដោយមិនបាច់ឈប់ប្រើប្រាស់កាតឥណទានរបស់អ្នក»,T Kiyosaki Robert,
Roberts Richard M.,2,Networking Fundamentals,Richard M. Roberts,
Schneier Bruce,2,Applied Cryptography,Bruce Schneier,
Sheninger Eric C.,2,Digital leadership : changing paradigms for changing times,Eric C. Sheninger,
Stefaan Vande Walle,2,ឯកសារជំនួយក្នុងការបង្រៀនផ្ទាំងរូបភាព សម្រាប់ការអប់រំវិទ្យាសាស្រ្ត,Vande Walle Stefaan,
Tanenbaum Andrew S.,2,Computer networks,Andrew S. Tanenbaum,
Taylor Steven J.,2,Introduction to Quantitative Research Methods,Steven J. Taylor,
Thean Veasna,2,Low-Cost Experiment for Physics Education Part 2,Veasna Thean,
Tomlinson Carol A.,2,How to differentiate instruction in academically diverse classrooms,Carol A. Tomlinson,
Tomlinson Carol Ann,2,The differentiated classroom : responding to the needs of all learners,Carol Ann Tomlinson,
Toon Tan Yin,2,Chemistry matters,Tan Yin Toon,
Tough Paul,2,How children succeed,Paul Tough,
Vande Walle stefaan,2,ការបង្រៀនមុខវិជ្ជាវិទ្យាសាស្រ្ត តាមបែបគោលវិធីសិស្សមជ្ឃមណ្ឌល ផ្នែកទី១,Walle stefaan Vande,
WIGGINS GRANT,2,UNDERSTANDING by DESIGN,GRANT WIGGINS,
William C Robertson,2,Companion Classroom Activities for Stop Faking It! Force and Motion,C Robertson William,
Wong Harry K,2,THE FIRST DAYS OF SCHOOL,Harry K Wong,
Wurts Janny,2,the wars of light and shadow,Janny Wurts,
Yeo Dr Joseph,2,New syllabus mathematics,Dr Joseph Yeo,
Yohei Sasakawa,2,No Matter Where the Journey Takes Me,Sasakawa Yohei,
Zhao Yong,2,World class learners : educating creative and entrepreneurial students,Yong Zhao,
A Muschla Judith,1,Teaching the Common Core Math Standards with Hands-On Activities,Muschla Judith A,
A. Amyx Jennifer,1,Japan's Financial Crisis,Amyx Jennifer A.,
A.DESAI MIHIR,1,How Finance Works,MIHIR A.DESAI,
A.Mingst Karen,1,Essentail Reading in WORLD POLITICS,Karen A.Mingst,
Abe Marié,1,Resonances of Chindon-Ya,Marié Abe,
Adamson Frank,1,Global education reform : how privatization and public investment influence education outcomes,Frank Adamson,
ADHEMARD LECLERE,1,HISTOIRE DU CAMBODGE,LECLERE ADHEMARD,
Adler Mortimer J.,1,How to read a book,Mortimer J. Adler,
Afkar Rythia,1,Fixing the Foundation: Teachers and Basic Education in East Asia and Pacific (World Bank East Asia and Pacific Regional ,Rythia Afkar,
AISH FiONA,1,Get Ready for IELTS : Writing,FiONA AISH,
Alan M Singer,1,Creating Your Perfect FAMILY SIZE,M Singer Alan,
Allison Anne,1,Precarious Japan,Anne Allison,
Alston John W,1,Stuff happens! (and then you fix it) : 9 reality rules to steer your life back in the right direction,John W Alston,
Anasti Tedd,1,Spider riders : the shards of the oracle,Tedd Anasti,
Ancona Deborah,1,"X-teams: how to build teams that lead, innovate, and succeed",Deborah Ancona,
Anderman Eric M.,1,Educational psychology - Developing Learners,Eric M. Anderman,
Anderson David P,1,Journeys : listening and speaking 3,David P Anderson,
Andrefski Jodie,1,The Society,Jodie Andrefski,
Anita Woolfolk HOY,1,Educational psychology - Active Learning Edition,Woolfolk HOY Anita,
Anna Burago,1,"Mathematical Circle Diaries, Year 1",Burago Anna,
Aok Elaine Mei,1,Here We Grow,Elaine Mei Aok,
Argov Sherry,1,ហេតុអ្វីមុនុស្សប្រុសស្រឡាញ់ មនុស្សស្រីអាក្រក់,Sherry Argov,
Ari Kiev,1,ចិត្តសាស្រ្តសាងស្នេហ៍ - Active Loving,Kiev Ari,
Aronin Miriam,1,Tuberculosis : the white plague!,Miriam Aronin,
Arora Shirley L.,1,ខ្លាលើភ្នំ = Tiger on the mountain / Khla ler phnom = Tiger on the mountain,Shirley L. Arora,
Ashburn Elizabeth Alexander,1,Meaningful learning using technology : what educators need to know and do,Elizabeth Alexander Ashburn,
Atthill Catherine,1,The gender-responsive school : an action guide,Catherine Atthill,
Austen Janes,1,Northanger Abbey,Janes Austen,
Australian Academy of Science,1,Biological science : the web of life,Academy of Science Australian,
Azar Betty S.,1,Understanding and using English Grammar,Betty S. Azar,
Azer Betty S.,1,Understanding and using English grammar And Using English Grammar,Betty S. Azer,
B. Pyle Kenneth,1,Japan Rising - The Resurgence of Japanese Power and Purpose,Pyle Kenneth B.,
B.MERRIAM SHARAN,1,Qualitative Research,SHARAN B.MERRIAM,
Badaracco Joseph Jr,1,Managing in the gray 5 timeless questions for resolving your hardest problems at work,Joseph Jr Badaracco,
Badders William,1,Houghton Mifflin science,William Badders,
Badger Lan,1,Collins English for life Listening,Lan Badger,
Baines ED,1,Promoting effective group work in the primary classroom : a handbook for teachers and practitioners,ED Baines,
Baird Lloyd,1,វិធីសាស្ត្រដឹកនាំ,Lloyd Baird,
Baldwin Amy,1,The community college experience,Amy Baldwin,
Baldwin Frank,1,Japan The Precarious Future,Frank Baldwin,
Balladares Cesar A.,1,"Computer Repair For PC Owners - A simple guide to maintain, upgrade and repair computers",Cesar A. Balladares,
Bambrick-Bass Paul,1,Driven By Data - A Practical Guide to Improve Instruction,Paul Bambrick-Bass,
Barney Jay B.,1,What I Didn't Learn in Business School: How Strategy Works in the Real World What I Didn't Learn in Business School: How,Jay B. Barney,
Barone Diane M,1,BeSt Practices in Early Literacy Instruction,Diane M Barone,
Barrett Frank J,1,YES TO THE MESS,Frank J Barrett,
Barrett Peter,1,The impact of school infrastructure on learning : a synthesis of the evidence,Peter Barrett,
Barry Marian,1,Success International English Skills for Cambridge IGCSE,Marian Barry,
Barthes Roland,1,Empire of Signs,Roland Barthes,
Bass Jossey,1,The Jossey-Bass Reader on School Reform,Jossey Bass,
Basu Swapan,1,Plant Hazard Analysis and Safety Instrumentation Systems,Swapan Basu,
Batterson Leonard A.,1,Building wealth through venture capital,Leonard A. Batterson,
Bauer Susan Wise,1,The Well-Trained Mind: A Guide to Classical Education at Home,Susan Wise Bauer,
Baum L. Frank,1,The patchwork girl of Oz,L. Frank Baum,
Baxendale Trevor,1,Heart of stone,Trevor Baxendale,
Becker Jerry P.,1,The Open-Ended Approach,Jerry P. Becker,
BEER MICHAEL,1,HIGHER AMBITION,MICHAEL BEER,
Beeson Mark,1,China's Regional Relations,Mark Beeson,
Bell Jason,1,Machine Learning - Hands-on for developers and technical professionals,Jason Bell,
BELL LES,1,The principles and practice of educational management,LES BELL,
Bell Robert,1,"Impure science : fraud, compromise, and political influence in scientific research",Robert Bell,
Bellah Robert,1,Tokugawa Religion,Robert Bellah,
Bellanca James,1,21st century skills - Rethinking How Students Learn,James Bellanca,
Belvel Patricia Sequeira,1,"Rethinking classroom management : strategies for prevention, intervention, and problem solving",Patricia Sequeira Belvel,
Ben Marcus,1,Women Who Surf,Marcus Ben,
Benjamin S. Bloom,1,"A TAXONOMY FOR LEARNING, TEACHING, AND ASSESSING",S. Bloom Benjamin,
Benner Erica,1,Be Like the Fox: Machiavelli In His World,Erica Benner,
Berinato Scott,1,"Good Charts: The HBR Guide to Making Smarter, More Persuasive Data Visualizations",Scott Berinato,
Berinderjeet Kaur,1,Professional Development of Mathematics Teachers: An Asian Perspective,Kaur Berinderjeet,
Bernstein Len,1,"Photography, Life, and the Opposites",Len Bernstein,
Best Janet,1,Colour design : theories and applications,Janet Best,
BEST JOEL,1,SOCIAL PROBLEMS,JOEL BEST,
Bettison Ian,1,My Maths for Key Stage 3 3A,Ian Bettison,
Beyerle Shaazka,1,Curtailing Corruption People for Accountability and Justice,Shaazka Beyerle,
BIEHLER Robert,1,Psychology Applied to Teaching - 13th Edition,Robert BIEHLER,
Billstein Rick,1,A problem solving approach to mathematics for elementary school teachers,Rick Billstein,
Binnie Chris,1,Linux - Server Security - Hack and Defend,Chris Binnie,
Birch Kate Jarvik,1,Unraveled,Kate Jarvik Birch,
Bird Christian,1,The Art and Science of Analyzing Software Data,Christian Bird,
BIXBY JENNIFER,1,Skills for Succeess : Reading and Writing INTRO : 3rd EDITION,JENNIFER BIXBY,
Black Paul,1,Assessment for learning,Paul Black,
Bloom Benjamin,1,"A taxonomy for learning, teaching, and assessing",Benjamin Bloom,
Blosser Patricia E.,1,How to ask the right questions,Patricia E. Blosser,
Bobrowsky Matthew,1,"Using physical science gadgets & gizmos, grades 3-5 : phenomenon-based learning",Matthew Bobrowsky,
Bond William J.,1,វិធីចៀសវាង១៩៩ស្ថានការណ៍ធ្វើឱ្យខាតពេលវេលា,William J. Bond,
Booth Wayne C.,1,The Craft of Research,Wayne C. Booth,
Borek Alexander,1,Total information risk management : maximizing the value of data and information assets,Alexander Borek,
Borzendowski Janice,1,Sterling Biographies: Marie Curie: Mother of Modern Physics,Janice Borzendowski,
BOUDREAU JOHN W.,1,Lead The Work,JOHN W. BOUDREAU,
Boushey Gail,1,The Daily 5: Fostering Literacy Independence in the Elementary Grades,Gail Boushey,
Bouvier Alain,1,Dictionnaire des mathématiques,Alain Bouvier,
Boyatzis Richard,1,"Resonant Leadership : renewing yourself and connecting with others through mindfulness, hope, and compassion",Richard Boyatzis,
Bransford John D.,1,"How People Learn - Brain, Mind, Experience and School",John D. Bransford,
Bricker Mindy Kay,1,The Fukushima Daiichi Nuclear Power Station Disaster,Mindy Kay Bricker,
Brodie Karin,1,Teaching mathematical reasoning in secondary school classrooms,Karin Brodie,
Bronson Po,1,NurtureShock: New Thinking About Children,Po Bronson,
Bronson Richard,1,"Linear Algebra: Algorithms, Applications, and Techniques",Richard Bronson,
Brown Graham,1,Information and Communication Technology,Graham Brown,
Brown John Seely,1,THE SOCAIL LIFE OF INFORMATION,John Seely Brown,
Brown Stephen I.,1,The Art of Problem Posing,Stephen I. Brown,
BRUGUIER Bruno,1,Phnom Penh et les provinces méridionales Tome 1,Bruno BRUGUIER,
Bruner Jerome,1,The Process of Education,Jerome Bruner,
BRUNER JEROME S.,1,Bruner Toward a Theory of Instruction,JEROME S. BRUNER,
Brunetto Carolyn Ford,1,MathART Projects and Activities,Carolyn Ford Brunetto,
Brunon Paul,1,ជនជាតិខ្មែរ : ស.វ.ទី១ - ស.វ.ទី១៥ ភាគ១,Paul Brunon,
Bryman Alan,1,Social research methods,Alan Bryman,
Buck Gary,1,Assessing Listening,Gary Buck,
BUKU KERJA,1,Ezcount China Chinese/Bahasa Melayu/English,KERJA BUKU,
BUKU TEKS,1,Ezcount China Chinese/Bahasa Melayu/English,TEKS BUKU,
Burden Paul R.,1,Methods for Effective Teaching - Meeting the Needs of All Students,Paul R. Burden,
Burgess Dave,1,"Teach like a pirate : increase student engagement, boost your creativity, and transform your life as an educator",Dave Burgess,
BURSTOW BOB,1,EFFECTIVE TEACHING DEVELOPMENT,BOB BURSTOW,
Buruma Ian,1,A Tokyo Romance a memoir,Ian Buruma,
Byrne Alex,1,The Norton introduction to philosophy,Alex Byrne,
BYRNE RHONDA,1,ហ៊ីរ៉ូ HERO,RHONDA BYRNE,
C. Abegglen James,1,21st-Century Japanese Management,Abegglen James C.,
C.Cronk Brian,1,How to Use SPSS,Brian C.Cronk,
Cabrera Angel,1,"Being global : how to think, act, and lead in a transformed world",Angel Cabrera,
Cafruny Alan W.,1,Exploring the global financial crisis,Alan W. Cafruny,
Cagney Penelope,1,Nonprofit consulting essentials : what nonprofits and consultants need to know,Penelope Cagney,
Cain Susan,1,El poder de los introvertidos (VARIOS BOLSILLO) (Spanish Edition),Susan Cain,
Canfield Jack,1,ហ៊ានសុំមានសិទ្ធិ,Jack Canfield,
Capewell Dave,1,MyMaths for Key Stage 3,Dave Capewell,
CAPPELLI PETER,1,TALENT ON DEMAND,PETER CAPPELLI,
Care Esther,1,Assessment and teaching of 21st century skills,Esther Care,
CARLIN SUSAN EARLE,1,Skills for Succeess : Reading and Writing 5 : 3rd EDITION,SUSAN EARLE CARLIN,
Casanave Christine Pearson,1,STRATEGIES FOR READERS,Christine Pearson Casanave,
Cashman Erin,1,Uncharted,Erin Cashman,
Cavendish Mashall,1,"Character and citizenship education : Primary 3,. Textbook",Mashall Cavendish,
Cechenle Michele,1,Photographing families : tips for capturing timeless images,Michele Cechenle,
Cecil Nancy Lee,1,Striking a balance : a comprehensive approach to early literacy,Nancy Lee Cecil,
Cespedes Frank V,1,Aligning strategy and sales the choices systems and behaviors that drive effective selling,Frank V Cespedes,
Chadwick David,1,Approaches to Social Inquiry,David Chadwick,
CHALMERS JOHNSON,1,MITI AND THE JAPANESE MIRACLE,JOHNSON CHALMERS,
Chan Samoeun,1,Prisoners of Class; [អ្នកទោសវណ្ណៈ]; A historical memoir of the Khmer Rouge Revolution,Samoeun Chan,
Chandler David P.,1,THE TRAGEDY OF CAMBODIAN HISTORY,David P. Chandler,
Chang Raymond,1,General Chemistry The Essential Concepts,Raymond Chang,
Chappuis Jan,1,AN INTRODUTION TO Student-Involved Assessment FOR Learning,Jan Chappuis,
Charan Ram,1,"Boards That Lead: When to Take Charge, When to Partner, and When to Stay Out of the Way",Ram Charan,
Chea Leang,1,Extraordinary Chambers in the Courts of Cambodia,Leang Chea,
CHHEM Kieth Rethy,1,Buddhist Mind for AI Machines,Kieth Rethy CHHEM,
Chiara Andra,1,Teaching and Learning in Maths Classrooms,Andra Chiara,
Chiavacci David,1,Social Inequality in Post-Growth Japan,David Chiavacci,
Chin Ning Chu,1,មុខក្រាស់ចិត្តខ្មៅ,Ning Chu Chin,
Chomin Nakae,1,A discourse by three drunkards on government,Nakae Chomin,
Chopin Kate,1,The Awakening and other stories,Kate Chopin,
Chris Robinson,1,South Australian Teaching for Effctive Learning,Robinson Chris,
Christine Ritchie,1,Exploring children's learning : 3-11 years,Ritchie Christine,
Claire Perry,1,My Maths for Key Stage 3 2B,Perry Claire,
Clark Dorie,1,"Entrepreneurial you : monetize your expertise, create multiple income streams and thrive",Dorie Clark,
Clarke Barbara,1,"Tasks in primary mathematics teacher education : purpose, use and exemplars",Barbara Clarke,
Clarke MC,1,All ABOUT GEOGRAPHY Geographical Skills for Lower Secondary,MC Clarke,
Clifton Brian,1,Advanced Web Metrics with Google Analytics,Brian Clifton,
Cline Tony,1,Educational psychology,Tony Cline,
Cochran Geraldine,1,Experience Physics,Geraldine Cochran,
Coffam Teresa,1,INQUIRY-BASED LEARNING,Teresa Coffam,
COFFILL NICHOLAS,1,Photography in CAMBODIA 1866 To The Present,NICHOLAS COFFILL,
Cohen Jonathan,1,Caring classrooms/intelligent schools : the social emotional education of young children,Jonathan Cohen,
Cole Brook,1,ឯកសារយោងសម្រាប់ឧទ្ទេសផែនដី និងបរិស្ថានវិទ្យា,Brook Cole,
Coleman Samuel,1,Japanese Science From the Inside,Samuel Coleman,
Colfer Eoin,1,"12 Doctors, 12 stories",Eoin Colfer,
COLIN S. WARD,1,Skills for Succeess : Reading and Writing 3 : 3rd Edition,S. WARD COLIN,
Connecticut Greenwich,1,Research in organizational behavior,Greenwich Connecticut,
COOLEY THOMAS,1,Back to the lake : a reader and guide,THOMAS COOLEY,
Coolper Stoll Laurie,1,REACE AND GENGER IN THE CLASSROOM,Stoll Laurie Coolper,
Copeland Rebecca L.,1,The Modern Murasaki - Writing by Women of Meiji Japan,Rebecca L. Copeland,
Corno Lyn,1,Handbook of Educational Psychology,Lyn Corno,
COSTELLO PATRICK J.M,1,Action Research,PATRICK J.M COSTELLO,
Couvson Monique,1,Pushout: The Criminalization of Black Girls in Schools,Monique Couvson,
Covach John Rudolph,1,What's that sound? : an introduction to rock and its history,John Rudolph Covach,
Cox Marian,1,First Language English,Marian Cox,
Coyle Daniel,1,The Talent Code: Greatness isn't born. It's grown,Daniel Coyle,
Coyle Do,1,Content and Language Integrated Learning,Do Coyle,
Craft Christopher B,1,Creating and restoring wetlands : from theory to practice,Christopher B Craft,
Crane Beverley E,1,Using Web 2.0 and Social Networking Tools in the K-12 Classroom,Beverley E Crane,
Crawford Roger,1,"The ICT teacher's handbook : teaching, learning and managing in the secondary school",Roger Crawford,
Creswell John W.,1,"Research Design Qualitative, and Mixed Methods Approaches",John W. Creswell,
Cross Julie,1,Hiding lies,Julie Cross,
Crundell Mike,1,Physics,Mike Crundell,
Cunningham Saigo,1,ENVIROMENTAL SCIENCE : A GLOBAL CONCERN 4TH EDITION,Saigo Cunningham,
Cutajar James,1,Begining Java Data Structures and Algorithms,James Cutajar,
D.stevens Dannelle,1,INTRODUCTION TO RUBRICS,Dannelle D.stevens,
Dabbagh Nada,1,Meaningful OnlineLearning,Nada Dabbagh,
Dahl Roald,1,ចេម និងប៉ែសយក្ស,Roald Dahl,
Daling Rudy,1,Secondary School Teachers' Competency in ICT,Rudy Daling,
Danely Jason,1,Aging and Loss,Jason Danely,
DANIEL ISEMBERG,1,WORTHLESS IMPOSIBLE AND SRUPID,ISEMBERG DANIEL,
Dasgupta Romit,1,Re-Reading The Salaryman in Japan: Crafting Masculinities,Romit Dasgupta,
Daugherty Paul R.,1,Human + Machine: Reimagining Work in the Age of AI,Paul R. Daugherty,
Dauzet A,1,Nouveau dictionnaire étymologique et historique,A Dauzet,
David Ford,1,Biology Dictionary English - Khmer វចនានុក្រម ជីវវិទ្យា,Ford David,
David Hopkins,1,A teacher Guide to Classroom Research,Hopkins David,
Davies Rubie,1,Routledge International Handbook of Social Psychology of the Classroom,Rubie Davies,
Davis Tina,1,HESS THE LAST OIL BARON,Tina Davis,
Davroe A. L.,1,Redux : a tricksters novel,A. L. Davroe,
Dawar Niraj,1,shifting your strategy from products to customers,Niraj Dawar,
Dawson Catherine,1,Introduction to research methods,Catherine Dawson,
Dawson Dale,1,Comebacks,Dale Dawson,
De Becerra Katya,1,What the woods keep,Becerra Katya De,
Debra Daise,1,Skills for Succeess : Reading and Writing 4,Daise Debra,
Deebs Tracy,1,Doomed,Tracy Deebs,
Deitel Paul,1,Java How to Program Early Objects,Paul Deitel,
Dejaeghere Joan,1,Life Skills Education for Youth,Joan Dejaeghere,
Dekens Luc,1,VMware vSphere power CLI reference : [automation vSphere administration],Luc Dekens,
Denmark Evangeline,1,Curio,Evangeline Denmark,
Denscombe Martyn,1,The Good Research Guide,Martyn Denscombe,
Deresiewicz William,1,Excellent Sheep: The Miseducation of the American Elite and the Way to a Meaningful Life,William Deresiewicz,
Desravines Jean,1,Breakthrough principals : a step-by-step guide to building stronger schools,Jean Desravines,
Dick Walter,1,THE SYSTEMATIC DESIGN OF INSTRUCTION,Walter Dick,
DIRKSEN JULIE,1,Design for how people learn,JULIE DIRKSEN,
Division Development,1,All About Social Studies Normal(Technical) Secondary 1B Coursebook Responding to migration,Development Division,
Dixon Keetra Dean,1,Digital design theory : readings from the field,Keetra Dean Dixon,
Dobkin Bod,1,"Analog circuit design : 3,. Design note collection",Bod Dobkin,
Dold Christine E.R,1,Foodborne Diseases,Christine E.R Dold,
Domingo S Aranal,1,Introduction to Mass Communication,S Aranal Domingo,
Donkin Bob,1,ANALONG Circuit Design,Bob Donkin,
Dörnyei Zoltán,1,Teaching and researching motivation,Zoltán Dörnyei,
Doughty Catherine,1,Focus on form in classroom second language acquisition,Catherine Doughty,
Douglas Edge,1,Teaching of decimals from research to practice,Edge Douglas,
Downey Allen B.,1,Think Data Structures - Algorithms and Information Retrieval in Java,Allen B. Downey,
Dr. Fong Ho Kheong,1,My Pals are Here Maths Enrichment 6A,Fong Ho Kheong Dr.,
Drake Brenda,1,Thief of lies,Brenda Drake,
Drucker Peter F.,1,HBR's 10 must reads on innovation,Peter F. Drucker,
Duckett Jon,1,PHP & MYSQL,Jon Duckett,
Duckworth Angela,1,Grit : the power of passion and perseverance,Angela Duckworth,
Dudley Peter,1,Lesson Study,Peter Dudley,
Duga Lindsey,1,Glow of the fireflies,Lindsey Duga,
Dumaine Deborah,1,វិធីប្រើសំណេរក្នុងការងារជំនួញ,Deborah Dumaine,
Duncan Ravit Golan,1,Disciplinary core ideas reshaping teaching and learning,Ravit Golan Duncan,
Durlak Joseph A.,1,Handbook of social and emotional learning : research and practice,Joseph A. Durlak,
Duus Peter,1,The Abacus and the Sword,Peter Duus,
Dyer Jeff,1,Innovation capital : how to compete--and win--like the world's most innovative leaders,Jeff Dyer,
DYER JEFF,1,The innovator's DNA : mastering the five skills of disruptive innovators,JEFF DYER,
E.DEAL TERRENCE,1,SHAPING SCHOOL CULTURE,TERRENCE E.DEAL,
E.Purpura James,1,Assessing Grammar,James E.Purpura,
Eang Senglim,1,Low-Cost Experiment for Biology Education,Senglim Eang,
Earl Lorna M,1,Assessment As Lerning,Lorna M Earl,
Edge Douglas,1,Teaching of fractions from research to practice based on the Singapore math approach,Douglas Edge,
Edward Hallowell,1,វិធានការចាត់ការលើភាពតានតឹងសម្រាប់អ្នកដឹកនាំ,Hallowell Edward,
Efron Sara Efrat,1,Action Research in Education - APractical Guide,Sara Efrat Efron,
Eggen Paul D.,1,Educational psychology : windows on classrooms,Paul D. Eggen,
EGOLF R. TERRANCE,1,SPACE & EARTH SCIENCE with Student Activities B 3rd Edition(Teacher`s Edition),R. TERRANCE EGOLF,
Eiko Maruko Siniawer,1,Waste Consuming Postwar Japan+,Maruko Siniawer Eiko,
Elias Maurice J.,1,Promoting social and emotional learning : guidelines for educators,Maurice J. Elias,
Elkington John,1,The power of unreasonable people : how social entrepreneurs create markets that change the world,John Elkington,
Ellet William,1,"The Case Study Handbook, Revised Edition: A Student's Guide",William Ellet,
ELROD HAL,1,ពេលព្រឹកដ៏អស្ចារ្យ,HAL ELROD,
English Lyn D,1,Handbook of international research in mathematics education,Lyn D English,
Enos Richard Leo,1,Oral and Written Communication: Historical Approaches (,Richard Leo Enos,
Ernest Paul,1,The Philosophy of Mathematics Education,Paul Ernest,
Espeseth Miriam,1,"Academic listening encounters : listening, note-taking, and discussion : content focus, human behavior",Miriam Espeseth,
Esquith Rafe,1,Teach like your hair's on fire : the methods and madness inside Room 56,Rafe Esquith,
Estévez-Abe Margarita,1,Welfare and Capitalism in Postwar Japan,Margarita Estévez-Abe,
Evans David S.,1,Matchmakers : the new economics of multisided platforms,David S. Evans,
Evans Nancy J.,1,Disability in Higher Education: A Social Justice Approach,Nancy J. Evans,
Everard K. B,1,Effective school management,K. B Everard,
Everard K.B.,1,Effective School Management,K.B. Everard,
Faber Adele,1,How to talk so kids will listen & listen so kids will talk,Adele Faber,
Fagerlind Ingemar,1,Education & National Development,Ingemar Fagerlind,
Fagerlind Ingermar,1,Education and national development,Ingermar Fagerlind,
Farmer James,1,FTTx Networks Technology Implementation and Operation,James Farmer,
Farrell Thomas S.C.,1,Promoting Teacher Reflection in Second Language Education - A Framework for TESOL Professionals,Thomas S.C. Farrell,
Fay Jim,1,Teaching With Love and Logic: Taking Control of the Classroom,Jim Fay,
Felmer Patricio,1,Posing and Solving Mathematical Problems,Patricio Felmer,
Fenimore James,1,The Last of the Mohicans,James Fenimore,
Ferguson Margaret,1,The Norton anthology of poetry,Margaret Ferguson,
Fidelin Benoît,1,ខ្ញុំបានឆ្លងកាត់សង្គ្រាមសម័យខ្មែរក្រហម នៅកម្ពុជា,Benoît Fidelin,
Fidler Brian,1,Strategic management for school development : leading your school's improvement strategy,Brian Fidler,
Fink George,1,"Stress : concepts, cognition, emotion, and behavior",George Fink,
Fisher Richard W,1,Mastering essential math skills fractions,Richard W Fisher,
Flanagan Dawn P.,1,"Contemporary Intellectual Assessment: Theories, Tests, and Issues",Dawn P. Flanagan,
Flippo Tara,1,Social and emotional learning in action : experiential activities to positively impact school climate,Tara Flippo,
Foer Joshua,1,Moonwalking with Einstein : the art and science of remembering everything,Joshua Foer,
Foote Mary Q.,1,Mathematics Teaching & Learning in K-12,Mary Q. Foote,
Forouzan Behrouz A.,1,Data Communications & Networking with TCP/IP protocol suite,Behrouz A. Forouzan,
Foster Thomas C.,1,How to Read Literature Like a Professor Revised: A Lively and Entertaining Guide to Reading Between the Lines,Thomas C. Foster,
Fowler Geoff,1,MaMaths for Key Stage3,Geoff Fowler,
Fox Alison,1,Professional Learning Communities and Teacher Enquiry,Alison Fox,
Fraenkel Jack R.,1,HOW TO DESIGN AND EVALUATE RESEARCH IN EDUCATION,Jack R. Fraenkel,
Fraknoi Andrew,1,When the sun goes dark,Andrew Fraknoi,
Francesca Gino,1,"Sidetracked : Why Our Decisions Get Derailed, and How We Can Stick to the Plan",Gino Francesca,
Frattini Stéphane,1,ដាយណូស័រ និងការផុតពូជរបស់ពួកវា,Stéphane Frattini,
Fred Frankel,1,Social Skills Success for Students with Autism / Asperger's,Frankel Fred,
Frederick Lipp,1,ខ្ញុំចង់អាន ខ្ញុំអាន ខ្ញុំលេង ខ្ញុំយល់,Lipp Frederick,
Frei Frances,1,Uncommon service : how to win by putting customers at the core of your business,Frances Frei,
Freire Paulo,1,Pedagogy of the oppressed : 50th anniversity edition,Paulo Freire,
FREIRE ROBERT,1,Skills for Succeess : Reading and Writing 4 : 3rd Edition,ROBERT FREIRE,
Friedl Alfred E.,1,Teaching science to children : an integrated approach,Alfred E. Friedl,
Friedman Stewart D,1,Total leadership be a better leader have a richer life,Stewart D Friedman,
Gabbiani Fabrizio,1,Mathematics for neuroscientists,Fabrizio Gabbiani,
Gage Randy,1,Smart Healthy and Rich,Randy Gage,
Gagné Robert M.,1,Principles of instructional design,Robert M. Gagné,
Garcia Kami,1,Agent of chaos,Kami Garcia,
GARDNER JOHN,1,Assessment and Learning,JOHN GARDNER,
Gary R.,1,APA College Dictionary of Psychology,R. Gary,
George H. A. COLE,1,Planetary Science - The science of planets around stars - second edition,H. A. COLE George,
Gerteis Christopher,1,Japan Since 1945 From Postwar To Post-Bubble,Christopher Gerteis,
Gerver Robert K,1,Write on! Math : taking better notes in math class,Robert K Gerver,
Getis Judith,1,Introduction to geography,Judith Getis,
Gill Tom,1,Japan Copes With Calamity,Tom Gill,
Gitomer Drew H.,1,Handbook of research on teaching,Drew H. Gitomer,
Gloria Leifer,1,Maternity Nursing An Introductory Text,Leifer Gloria,
Goldie Sophie,1,Mathematics,Sophie Goldie,
Goldstein Dana,1,The teacher wars : a history of America's most embattled profession,Dana Goldstein,
Goleman Daniel,1,Focus: The Hidden Driver of Excellence,Daniel Goleman,
Goodman Alison,1,Singing the Dogstar blues,Alison Goodman,
Goodman Roger,1,Family and Social Policy in Japan,Roger Goodman,
Gookin Dan,1,Troubleshooting & Maintaining PCS - All-in-one,Dan Gookin,
GOPINATHAN Saravanan,1,Education and the Nation State,Saravanan GOPINATHAN,
Gottlieb Roberta A.,1,Cardio-Oncology,Roberta A. Gottlieb,
Grade William,1,Teaching and researching reading,William Grade,
Graham Lynford,1,ACCOUNTANTS''HANDBOOK,Lynford Graham,
Grant Adam,1,គិតឡើងវិញ,Adam Grant,
Grant K. M.,1,Blood red horse,K. M. Grant,
Grant P Wiggins,1,Educative assessment : designing assessments to inform and improve student performance,P Wiggins Grant,
Grant P. Wiggins,1,Understanding by design,P. Wiggins Grant,
Grant Susan,1,Economics,Susan Grant,
Gray Peter,1,"Free to Learn: Why Unleashing the Instinct to Play Will Make Our Children Happier, More Self-Reliant, and Better Student",Peter Gray,
Green Dan,1,The rock & gem book : ...and other treasures of the natural world,Dan Green,
Greenwald Lisa,1,Reel Life Starring Us,Lisa Greenwald,
Greetham Bryan,1,How to write your literature review,Bryan Greetham,
GREGORY SMITS,1,Visions of Ryukyu,SMITS GREGORY,
Grimes William W.,1,Currency and Contest in East Asia,William W. Grimes,
Groslier George,1,CAMBODIAN DANCERS: Ancient & Modern,George Groslier,
Groysberg Boris,1,"Talk, Inc. : How Trusted Leaders Use Conversation to Power Their Organizations",Boris Groysberg,
Guest Kenneth J,1,Cultural anthropology a toolkit for a global age,Kenneth J Guest,
Gueudet Ghislaine,1,From Text to `Lived` Resources,Ghislaine Gueudet,
Gupta Sunil,1,Driving Digital Strategy,Sunil Gupta,
Gutiérrez Vázquez Angel,1,The Second Handbook of Research on the Psychology of Mathematics Education,Vázquez Angel Gutiérrez,
H.Myers Ramon,1,"The Japanese colonial empire, 1895-1945",Ramon H.Myers,
Hajek Darrell,1,Introduction to Computer Graphics 2019 Edition,Darrell Hajek,
HALADYNA THOMAS M.,1,Developing and validating multiple-choice test items,THOMAS M. HALADYNA,
Hammond Zaretta,1,Culturally Responsive Teaching and The Brain: Promoting Authentic Engagement and Rigor Among Culturally and Linguistical,Zaretta Hammond,
Hang Vimuolea,1,Less Essais Philosophiques - Une démarche d'une francophone engagée,Vimuolea Hang,
Hanna G,1,Explanation and proof in mathematics : philosophical and educational perspectives,G Hanna,
Hanna Gila,1,Proof and Proving in Mathematics Education,Gila Hanna,
Hanrahan Val,1,Additional Mathematics,Val Hanrahan,
Hansen Anne Ruth,1,How to Behave,Anne Ruth Hansen,
Hardin Carlette Jackson,1,Effective classroom management : models and strategies for today's classrooms,Carlette Jackson Hardin,
Harris David Money,1,Digital Design and Computer Architecture,David Money Harris,
Harris Ian Charles,1,Cambodian Buddhism History and Practice,Ian Charles Harris,
Hart Eleanor,1,សត្វព្រៃនៃប្រទេសកម្ពុជា The Illustrated Guide to Wildlife of Cambodia,Eleanor Hart,
Haruo Shirane,1,"Japan and the Culture of the four Seasons (Nature, Literature, and the Arts)",Shirane Haruo,
Harvey Alyxandra,1,Bleeding hearts: Drake chronicles bk. 4,Alyxandra Harvey,
Harwood Richard,1,Chemistry Coursebook,Richard Harwood,
HATFIELD LARRY L.,1,INVESTIGATING MATHEMATICS,LARRY L. HATFIELD,
Heifetz Ronald,1,Leadership on the Line - Staying Alive through the Dangers of Change,Ronald Heifetz,
HENDRESOM EMAILY F.,1,GENDER PEDAGOGY,EMAILY F. HENDRESOM,
Heng Kimkong,1,CAMBODIAN JOURNAL OF EDUCATIONAL RESEARCH,Kimkong Heng,
Heng Monychenda,1,ព្រះបាទធម្មិក,Monychenda Heng,
Herr Kathryn,1,The action research dissertation : a guide for students and faculty,Kathryn Herr,
HEWLETT SYLVIA ANN,1,THE SPONSOR EFFECT,SYLVIA ANN HEWLETT,
Hibbett Howard,1,Contemporary Japanese Literature,Howard Hibbett,
Higgins Maria Mihalik,1,Benjamin FRANKLIN,Maria Mihalik Higgins,
Hill Linda A,1,Being the boss : the 3 imperatives for becoming a great leader,Linda A Hill,
Hill Linda A.,1,Being The Boss,Linda A. Hill,
Hirschbuhl John J,1,Computers in education,John J Hirschbuhl,
Hoeksema Susan Nolen,1,Atkinson & Hilgard's introduction to Psychology,Susan Nolen Hoeksema,
HOFFER ALAN R.,1,MATHEMATICS IN ACTION TEXAS EDITION,ALAN R. HOFFER,
HOLT DOUGLAS B.,1,How Brands Become Icons: The Principles of Cultural Branding,DOUGLAS B. HOLT,
Honey Michael K.,1,TO THE PROMISED LAND Martin Luther King and the Fight for Economic Justice,Michael K. Honey,
Hooker Carl,1,Mobile Learning Mindset - The teacher's guide to implementation,Carl Hooker,
Hooks Bell,1,Teaching to transgress education as the practice of freedom,Bell Hooks,
Horn Michael B.,1,Blended : using disruptive innovation to improve schools,Michael B. Horn,
Hornby Albert Sydney,1,Oxford advanced learner's dictionary of current English,Albert Sydney Hornby,
Horwitz Elaine Kolker,1,Becoming a language teacher : a practical guide to second language learning and teaching,Elaine Kolker Horwitz,
Housden Brian,1,My Maths for Key Stage 3 1B,Brian Housden,
HOWLAND JANE J.,1,MEANINGFUL LEARNING WITH TECHNOLOGY,JANE J. HOWLAND,
Huber Tonya,1,Teacher education at the edge,Tonya Huber,
Huffman Franklin E,1,វចនានុក្រម អង់គ្លេស ខ្មែរ English -Khmer Dictionary,Franklin E Huffman,
Hughes Arthur,1,Testing for language teachers,Arthur Hughes,
Hughes Rebecca,1,Teaching and researching speaking,Rebecca Hughes,
Hunt Ben,1,Convert! Designing Web Sites to Increase Traffic and Conversion,Ben Hunt,
Hyland Ken,1,Teaching and Reserching,Ken Hyland,
IBARRA HERMINIA,1,Working Identity: Unconventional Strategies for Reinventing Your Career,HERMINIA IBARRA,
IHARA SAIKAKU,1,The Life of an Amorous Woman and other writings,SAIKAKU IHARA,
Illich Ivan,1,Deschooling Society,Ivan Illich,
Inge Daniel,1,THE JAPANESE HOUSE MATERIAL CULTURE THE MODERN HOME,Daniel Inge,
Inprasitha Isoda,1,LESSON STUDY,Isoda Inprasitha,
Ivan Yashchenko,1,Invitation to a Mathematical Festival,Yashchenko Ivan,
J. Green Michael,1,"The U.S.-Japan Aliance Past, Present, and Future",Green Michael J.,
J.Pharr Susan,1,Media and Politics in Japan,Susan J.Pharr,
J.Wallace Michael,1,Action Research for Language Teacher,Michael J.Wallace,
JAIMIE SCANLON,1,Skills for Succeess : Reading and Writing 1 : 3rd Edition,SCANLON JAIMIE,
Jain Hemant,1,Problem Solving in Data Structures & Algorithms Using Java Problem Solving in Data Structures & Algorithms Using Java,Hemant Jain,
Jalil Zalina,1,MY PALS ARE HERE!,Zalina Jalil,
jalil Zalina A.,1,My pals are here! Tests Maths 3 3rd edition,Zalina A. jalil,
JAMES E.AUER,1,WHO WAS RESPONSIBLE?,E.AUER JAMES,
Jane Short,1,Get Ready for IELTS : Listenning,Short Jane,
Jaroenvongsak Kriengsak,1,មាគ៌ាបុគ្គលឆ្នើម - គន្លឹះ20ប្រការឆ្ពោះទៅរកជោគជ័យ,Kriengsak Jaroenvongsak,
Jeff Gothelf,1,Sense & respond : how successful organizations listen to customers and create new products continuously,Gothelf Jeff,
Jeff Kingston,1,Natural Disaster and Nuclear Crisis in Japan,Kingston Jeff,
Jeffers Jim,1,Intel Xeon Phi - Processor High Performance Programming - Knights Landing Edition,Jim Jeffers,
Jen su Amy,1,OWN THE ROOM,su Amy Jen,
Jessica Rudolph,1,The FLU of 1918 Millions Dead Worldwide!,Rudolph Jessica,
Jiang Chenxin,1,Tears of salt : a doctor's story,Chenxin Jiang,
Joanne Sauber-Sellen,1,Journeys : grammar,Sauber-Sellen Joanne,
JOE MCVEIGH,1,Skills for Succeess : Reading and Writing 2 : 3rd Edition,MCVEIGH JOE,
John Breen,1,A new history of Shinto,Breen John,
John D. Howard,1,First In Last Out,D. Howard John,
John Tully,1,A SHORT HISTORY OF CAMBODIA,Tully John,
Johnson David w,1,Circles of learning : cooperation in the classroom,David w Johnson,
Johnson George,1,Holt Biology Teacher Edition,George Johnson,
Johnson George B,1,The living world,George B Johnson,
JOHNSON GLEN,1,DIGITAL WEDDNG PHOTOGRAPHY,GLEN JOHNSON,
Johnson Whitney,1,Build an A team : play to their strengths and lead them up the learning curve,Whitney Johnson,
Jones Fred,1,"Tools for teaching : discipline, instruction, motivation 2nd Edition",Fred Jones,
Jones William P,1,Keeping found things found the study and practice of personal information management,William P Jones,
Jordan Rita,1,Autism and Education,Rita Jordan,
Jose L Galvan,1,Writing Literature Reviews,L Galvan Jose,
JOSEPH A MICHELLI,1,កំពូលយុទ្ធសាស្រ្តស្ដារ៍បាក់ស៍,A MICHELLI JOSEPH,
Joseph B. W. Yeo,1,NEW SYLLABUS MATHEMATICS NORMAL (ACADEMIC) WORKBOOK,B. W. Yeo Joseph,
June Christina,1,It started with goodbye,Christina June,
Junichiro Tanizaki,1,In Praise of Shadowa,Tanizaki Junichiro,
Jurmain Suzanne,1,The secret of the yellow death : a true story of medical sleuthing,Suzanne Jurmain,
Kahneman Daniel,1,"Thinking, fast and slow",Daniel Kahneman,
Kakuzo Okakura,1,The Book of Tea,Okakura Kakuzo,
Kao Kyle,1,Black : a memoir,Kyle Kao,
Kaoru Sugihara,1,"Japan, China, and The Growth of The Asian International Economy, 1850-1949",Sugihara Kaoru,
Kaplan Robeat Steven,1,What You Really Meant to Do,Robeat Steven Kaplan,
Kaplan Robert S.,1,Alignment : using the balanced scorecard to create corporate synergies,Robert S. Kaplan,
KAPLAN ROBERT STEVEN,1,WHAT YOU REALLY NEED TO LEAD,ROBERT STEVEN KAPLAN,
Karatani Kojin,1,Origins of Modern Japanese Literature,Kojin Karatani,
Kaslow Florence W.,1,Voices In Family Psychology,Florence W. Kaslow,
Kaur Berinderjeet,1,MATHEMATICAL PROBLEM SOLVING Yearbook 2009 Associate of Mathematic Educators,Berinderjeet Kaur,
Kaushik Neeti,1,"YOUNG LEARNER'S QUICK, SMILE, GRAMMER ADVERBS",Neeti Kaushik,
Kear Karen,1,Online and social networking communities : a best practice guide for educators,Karen Kear,
Keegwe Jared,1,"Handbook of Research on Mobile Technology, Constructivism, and Meaningful Learning",Jared Keegwe,
Keeley Page,1,Mathematics formative assessment,Page Keeley,
Keller John M,1,Motivational Design Learning and Performance,John M Keller,
Kellerman Barbara,1,Followership : how followers are creating change and changing leaders,Barbara Kellerman,
Kelts Roland,1,Japanamerica - How Japanese Pop Culture Has Invaded the U.S.,Roland Kelts,
Kendall Philip C.,1,Abnormal Psychology,Philip C. Kendall,
Kenji Aramaki,1,"Japan's Long Stagnation, Deflation, and Abenomics",Aramaki Kenji,
Kenji Nakagami,1,The Cape and other stories from the Japanese Ghetto,Nakagami Kenji,
Kenzaburō Ōe,1,A personal matter,Ōe Kenzaburō,
Kerr Alex,1,Lost Japan,Alex Kerr,
KEVIN MCCLURRE,1,Skills for Succeess : Reading and Writing INTRO,MCCLURRE KEVIN,
KEY ELLEN,1,The Century of the Child,ELLEN KEY,
KHAN Salman,1,the One world school house - Education reimagined,Salman KHAN,
Kheong Dr Fong Ho,1,Teacher`s Training Guide,Dr Fong Ho Kheong,
Ki-Sang Song,1,បច្ចេកវិទ្យាព័ត៌មាន និងសារគមនាគមន៍ ថ្នាក់ទី៧,Song Ki-Sang,
Kidd J. S,1,New genetics : the study of lifelines,J. S Kidd,
Kikuo Morimoto,1,ការប្រើប្រាស់ធនធានព្រៃឈើ - The Wisdom from the Forest,Morimoto Kikuo,
Kilbane Clare R.,1,Teaching Models - Designing Instructions for 21st Century Learners,Clare R. Kilbane,
kim Kiyosaki,1,ដល់ពេលដែលត្រូវភ្ញាក់ឡើងហើយស្ត្រីទាំងឡាយ,Kiyosaki kim,
Kim Marcus,1,Mastering Autodesk Revit 2017 for Architecture,Marcus Kim,
KING KATHLEEN P.,1,TECHNOLOGY AND INNOVATION IN ADULT LEARNING,KATHLEEN P. KING,
Kirchner Glenn,1,Physical Education for Elementary Scholl Children,Glenn Kirchner,
Kirsch Claudine,1,Teaching foreign languages in the primary school,Claudine Kirsch,
Kirsch Griseldis,1,"Assembling Japan - Modernity, Technology and Global Culture",Griseldis Kirsch,
Kitamura Yuto,1,The political economy of schooling in Cambodia : issues of quality and equity,Yuto Kitamura,
Kjartan Poskitt,1,The Perfect Sausage and Other Fundamental Formulas (Murderous Maths),Poskitt Kjartan,
Kohn Alfie,1,"Punished By Rewards: Twenty-Fifth Anniversary Edition: The Trouble with Gold Stars, Incentive Plans, A's, Praise, and Ot",Alfie Kohn,
Koichi Hasegawa,1,Constructing Civil Society in Japan,Hasegawa Koichi,
Kol Pheng,1,National Education For All Commitee,Pheng Kol,
Kolb David A.,1,Experiential Learning,David A. Kolb,
Kolb Liz,1,"Learning First, Technology Second - The Educator's Guide to Designing Authentic Lessons",Liz Kolb,
Kolko Jon,1,Well designed,Jon Kolko,
Kotzekidou Parthena,1,Food hygiene and toxicology in ready-to-eat foods,Parthena Kotzekidou,
Kozo Yamamura,1,An Anticlassical Political-Economic Analysis,Yamamura Kozo,
Kunio Yanagita,1,The Legends of Tono,Yanagita Kunio,
Kwa Siew Hwa,1,"Cycles : 5 & 6,. Science",Siew Hwa Kwa,
L. BADARACCO JOSEPH,1,THE GOOD STRUGGLE,BADARACCO JOSEPH L.,
L. Curtis Gerald,1,The Logic of Japanese Politics,Curtis Gerald L.,
L. J Rasanayagam,1,Chemistry matters. GCE 'O' level Practical book,J Rasanayagam L.,
L. Schodt Frederik,1,Dreamland Writing on Modern Manga Japan,Schodt Frederik L.,
L.Davis Christinal,1,Why Adjudicate?,Christinal L.Davis,
L.Howland Jane,1,Meaningful learning with technology,Jane L.Howland,
L.WALKER BRETT,1,The Conquest of Ainu Lands Ecology and Culture in Japan Expansion,BRETT L.WALKER,
Ladley John,1,Making enterprise information management (EIM) work for business : a guide to understanding information as an asset,John Ladley,
Lakatos Imre,1,Proofs and Refutations,Imre Lakatos,
Lannon Lisa,1,មូលធនិកដើម្បីសង្គម,Lisa Lannon,
Lantolf James P.,1,Sociocultural theory and second language learning,James P. Lantolf,
Lave Jean,1,Situated learning,Jean Lave,
LeBox Annette,1,Circle of Cranes,Annette LeBox,
Leclère Adhémard,1,ប្រវត្តិសាស្រ្តប្រទេសកម្ពុជា ចាប់តាំងពីសតវត្សទី១ នៃគ្រិស្តសករាជរហូតមក,Adhémard Leclère,
Lee Kaoy,1,Shaping maths : 6B,Kaoy Lee,
Lee Thomas H,1,HBR's 10 Must Reads on Leadership for Healthcare,Thomas H Lee,
Leonard Dorothy,1,When sparks fly igniting creativity in groups,Dorothy Leonard,
Lerman Ed.,1,Encyclopedia of Mathematics Education,Ed. Lerman,
Leung Frederick K. S,1,Mathematics education in different cultural traditions : a comparative study of East Asia and the West,Frederick K. S Leung,
Lev Baruch,1,"Winning investors over : surprising truths about honesty, earnings guidance, and other ways to boost your stock price",Baruch Lev,
Leveen Tom,1,Sick,Tom Leveen,
Levitt Steven D.,1,Freakonomics: Revised Edition,Steven D. Levitt,
Liang Y. Daniel,1,Introduction to Java Programming and Data Structures,Y. Daniel Liang,
Liger Leadership Academy Cambodia,1,ភូមិសាស្រ្តនៃប្រទេសកម្ពុជា The Geography of Cambodia,Leadership Academy Cambodia Liger,
Lightbown Patsy,1,How languages are learned,Patsy Lightbown,
Lightman Alan P,1,ភ្នក់ភ្លើងទាំងបី,Alan P Lightman,
LIM Sotharith,1,English Grade 6 Student's Book,Sotharith LIM,
Limoncelli Tom,1,The practice of system and network administration. Volume 1,Tom Limoncelli,
Lin Li,1,Building the rule of law in China,Li Lin,
LIN LOUGHEED,1,STUDANTS; #1 CHOICE : IELTS International English Language Testing System,LOUGHEED LIN,
Lindsay Judy,1,The story of medicine : from papyri to pacemakers,Judy Lindsay,
Lindstrom Martin,1,ភ្នែកមើល ត្រចៀកស្ដាប់ ខួរក្បាលទិញ ដៃចាយវាយ,Martin Lindstrom,
Lipp Frederick,1,ឡានដឹកទំនិញធ្វើពីឥដ្ឋ,Frederick Lipp,
Lippit Yukio,1,The Artist in Edo,Yukio Lippit,
Llinares Ana,1,The roles of language in CLIL,Ana Llinares,
Lloyd John,1,តើអ្នកដឹងអ្វីខ្លះ?២៣២សំណួរចម្លើយពិសោធបញ្ញា,John Lloyd,
LODICO MARGUERITE G.,1,METHODS IN EDUCATIONAL RESEARCH,MARGUERITE G. LODICO,
Loewen James W.,1,Lies My Teacher Told Me: Everything Your American History Textbook Got Wrong,James W. Loewen,
Long Paul,1,IT Coursebook,Paul Long,
Long Ruth Frances,1,The treachery of beautiful things,Ruth Frances Long,
LORSCH JAY W.,1,Aligning the stars : how to succeed when professionals drive results,JAY W. LORSCH,
Low Morris,1,"Science, Technology and Society in Contemporary Japan",Morris Low,
Lowi Theodore J,1,American government : power & purpose,Theodore J Lowi,
Lukianoff Greg,1,The Coddling of the American Mind,Greg Lukianoff,
LUNDAY ELIZABETH,1,THE MODERN ART INVESION,ELIZABETH LUNDAY,
Lunsford Andrea,1,EVERYONE'S AN AUTHOR,Andrea Lunsford,
Luoma Sari,1,Assessing Speaking,Sari Luoma,
Lyon Bestor Victoria,1,Routledge Handbook of Japanese Culture and Society,Bestor Victoria Lyon,
Lyons Heather,1,KID GET CODING,Heather Lyons,
M. FOGIEL CHIEF,1,THE PHYSICS PROBLEM SOLVER,FOGIEL CHIEF M.,
M. Tsutsui William,1,Manufacturing Ideology - Scientific Management in Twentieth-Century Japan,Tsutsui William M.,
Mackey Alison,1,"Input, interaction, and corrective feedback in L2 learning",Alison Mackey,
Magyar-Moe Jeana L.,1,Therapist's guide to positive psychological interventions,Jeana L. Magyar-Moe,
Mak Phoeun,1,Histoire du Cambodge,Phoeun Mak,
Makoto Iokibe,1,The Diplomatic History of Postwar Japan,Iokibe Makoto,
Mandis Steven G.,1,What Happened To Goldman Sachs,Steven G. Mandis,
Manning M.Lee,1,Teaching and managing learners at the primary level,M.Lee Manning,
Manus Patty Mc,1,វិធីសាស្រ្តបង្រៀនការងារ - Coaching People,Patty Mc Manus,
MARGARET BROOKS,1,Skills for Succeess : Reading and Writing 2,BROOKS MARGARET,
Mariën Peter,1,The Linguistic Cerebellum,Peter Mariën,
MARIUS B.JANSEN,1,Sakamoto Ryoma and the Meiji Restoration,B.JANSEN MARIUS,
Mark Balnaves,1,Introduction to Quantitative Research Methods,Balnaves Mark,
Mark Fisher,1,Business Studies Coursebook,Fisher Mark,
Mark Schilling,1,Contemporary Japanese Film,Schilling Mark,
Mark Teeuwen,1,A Social History of the Ise Shrines,Teeuwen Mark,
Marshall L Fisher,1,The new science of retailing : how analytics are transforming the supply chain and improving performance,L Fisher Marshall,
Martin Ann M.,1,#3 THE BABY-SITTERS CLUB The Truth About Stacey,Ann M. Martin,
MARTIN HUNT,1,A PRACTICE GUIDE TO TEACHEING HISTORY THE SECONDARY SCHOOL,HUNT MARTIN,
Martin Maggie Ann,1,To be honest,Maggie Ann Martin,
Martyn Denscombe,1,The good research guide : for small-scale social research projects,Denscombe Martyn,
Mary C. Herring,1,Handbook of technological pedagogical content knowledge (TPCK) for educators,C. Herring Mary,
Marzano Robert J.,1,The New Art and Science of Teaching,Robert J. Marzano,
Masaaki Morishita,1,The Empty Museum - Western Cultures and The Artistic Field in Modern Japan,Morishita Masaaki,
Masao Maruyama,1,Modern Japanese Politics,Maruyama Masao,
Massachusetts Boston,1,Harvard business review on winning negotiationsHarvard business review on winning negotiations,Boston Massachusetts,
Matanle Peter,1,"Perspectives on Work, Employment and Society in Japan",Peter Matanle,
Mathews Jay,1,Work hard. Be nice. : how two inspired teachers created the most promising schools in America,Jay Mathews,
MATSUO BASHO,1,THE NARROW ROAD TO THE DEEP NORTH,BASHO MATSUO,
MATTEW J.C. CRUMP,1,Answering questions with data : Introductory Statistics for Psychology Students,J.C. CRUMP MATTEW,
Mattingly David,1,LiftPort : opening space to everyone,David Mattingly,
MAUBOUSSIN MICHAEL J.,1,THINKING TWICE,MICHAEL J. MAUBOUSSIN,
MCARDLE MEGAN,1,គ្រាន់តែដួលពុំមែនមានន័យថាបរាជ័យ,MEGAN MCARDLE,
McCall Rosenbluth Frances,1,The Political Economy of Japan's Low Fertility,Rosenbluth Frances McCall,
McClellan Edwin,1,Soseki Natsume Kokoro,Edwin McClellan,
MCCONNELL TOM J.,1,"Problem-based learning in the earth and space science classroom, K-12",TOM J. MCCONNELL,
McCormick Keith,1,SPSS Statistics for Data Analysis and Visualization,Keith McCormick,
McCourt Frank,1,Teacher Man: A Memoir,Frank McCourt,
McGough Julie V,1,The power of investigating,Julie V McGough,
McGrath Rita Gunther,1,MARKETBUSTERS,Rita Gunther McGrath,
Mckay Penny,1,Assessing Young Language Learners,Penny Mckay,
McKee Annie,1,HOW TO BE HAPPY AT WORK,Annie McKee,
McMillan James H.,1,Classroom Assessment - Principles and Practice that Enhance - Student Learning and Motivation,James H. McMillan,
McNally Susan,1,The Dark Spell,Susan McNally,
MCNEILL DAVID,1,Gesture & Thought,DAVID MCNEILL,
McTighe Jay,1,Essential questions : opening doors to student understanding,Jay McTighe,
Medina John,1,Brain Rules,John Medina,
Meehan Denis,1,Understanding Punctuation,Denis Meehan,
Mes Tom,1,The Midnight Eye Guide To New Japanese Film,Tom Mes,
Messmore Scott,1,Call sign Lightning inside the rowdy world and risky missions of the Marines' elite ANGLICOs,Scott Messmore,
Meyer Anne,1,Universal Design for Learning,Anne Meyer,
Michaux Madeleine,1,អេស៊ីប សម័យព្រះចៅ ផារ៉ាអុង,Madeleine Michaux,
Micheal Byram,1,The Common European Framework of Reference,Byram Micheal,
Micheal Rethy ANTELME,1,សិក្សាចក្រ Siksacakr,Rethy ANTELME Micheal,
MIFFLIN HOUGHTON,1,Science,HOUGHTON MIFFLIN,
MILES CRAVEN,1,Skills for Succeess : Reading and Writing 3,CRAVEN MILES,
Miller Donalyn,1,The Book Whisperer: Awakening the Inner Reader in Every Child,Donalyn Miller,
Miller Laura,1,BOOST ! VOCABULARY 3,Laura Miller,
Mills Harry,1,វិធីសាស្រ្តទាក់ទាញចិត្តមនុស្ស - Persuading People,Harry Mills,
Molloy Derek,1,Exploring BeagleBone: Tools and Techniques for Building with Embedded Linux,Derek Molloy,
Moon Tonya R.,1,Assessment and Student Sucess in a Differentiated Classroom,Tonya R. Moon,
Moore Christopher,1,Experience Chemistry,Christopher Moore,
More Josh,1,Breaking into Information Security,Josh More,
Morgan Barbara,1,ប្រវត្តិសាស្រ្តអាមេរិក,Barbara Morgan,
Morgan Emily,1,Next time you see a cloud,Emily Morgan,
Morgan Emily R,1,Next Time You See a FIREFLY,Emily R Morgan,
Mori Ogai,1,The Wild Goose,Ogai Mori,
MORIEUX YVES,1,Six Simple Rules,YVES MORIEUX,
Morrison Gary R.,1,DESIGNING EFFECTIVE INSTRUCTION,Gary R. Morrison,
MORTENSON GREG,1,Three Cups of Tea: One Man's Mission to Promote Peace...One School at a Time,GREG MORTENSON,
Moskowitz Jeremy,1,"Group policy : fundamentals, security, and the managed desktop",Jeremy Moskowitz,
Moura Jean,1,ពីភ្នំពេញទៅកាន់ខេត្តពោធិ៍សាត់អមដំណើរពញរះមហាក្សត្រកម្ពុជា និងរាជបរិពារ 1882,Jean Moura,
Mullins John W,1,GETTING TO PLAN B,John W Mullins,
Murphy James,1,Courage to execute what elite U.S military units can teach business about leadership and team performance,James Murphy,
Murphy Raymond,1,Grammar in use Intermediate,Raymond Murphy,
Myers R.Thomas,1,"Holt Chemistry, Teacher Edition 1st Edición",R.Thomas Myers,
NAERSSEN MARGARET VAN,1,TAPESTRY : SCITECH : HIGH-INTERMEDIATE TO HIGH-ADVANCED,MARGARET VAN NAERSSEN,
Namile Gary,1,The Bully Free Workplace,Gary Namile,
Naoko AOYAGI,1,សុខភាពសិក្សាសម្រាប់ទាំងអស់គ្នា<<ជំហានទៅកាន់ពិភពលោកដែលកាន់តែប្រសើរ>> ២០២៣,AOYAGI Naoko,
Nassaji Hossein,1,Teaching Grammar in Second Language Classrooms,Hossein Nassaji,
Nation I.S.P,1,Teaching ESL/EFL reading and writing,I.S.P Nation,
Nation I.S.P.,1,Teaching Vocabulary - Strategies and Techniques,I.S.P. Nation,
Naylor Stuart,1,Concept Cartoons In Science Education,Stuart Naylor,
Neak Chandarith,1,The Belt and Road Initiative and its Implications for Cambodia's Development,Chandarith Neak,
NEAU VIRA,1,BASIC ENGLISH LANGUAGE SKILLS FOR TRAINERS AND TEACHERS,VIRA NEAU,
NELSEN JANE,1,POSITIVE DISCIPLINE TOOLS FOR TEACHERS,JANE NELSEN,
Neuliep James W.,1,Replication Research In The Social Sciences,James W. Neuliep,
Ng Swee Fong,1,Cases of Mathematics Professional Development in East Asian Countries,Swee Fong Ng,
NIGEL A. CAPLAN,1,Skills for Succeess : Reading and Writing 5,A. CAPLAN NIGEL,
NINIO JACQUES,1,THE SCIENCE OF ILLUSIONS,JACQUES NINIO,
Nish Ian,1,The Iwakura Mission in America & Europe,Ian Nish,
Nishiyama Matsunosuke,1,"Edo Culture Daily Life and Diversions in Urban Japan, 1600-1868",Matsunosuke Nishiyama,
Nishiyama Naoki,1,អប់រំកាយបែបថ្មីសម្រាប់កុមារដើម្បីអនាគតភ្លឺស្វាងៈ ប្រវត្តិនៃអប់រំកាយនៅប្រទេសកម្ពុជា - មិត្តភាពដែលផ្សារភ្ជាប់ដោយអប់រំកាយ,Naoki Nishiyama,
Nixon Robin,1,"Learning PHP, MySQL & JavaScript - AStep-by-Step Guide to Creating Dynamic Websites",Robin Nixon,
Nobuko Adachi,1,"Japanese Diasporas Unsung pasts, Conflicting presents and uncertain futures",Adachi Nobuko,
Nobuo Tsuji,1,History of Art in Japan,Tsuji Nobuo,
NODDINGS NEL,1,PHILOSOPHY of EDUCATION,NEL NODDINGS,
Noffke Susan,1,The SAGE Handbook of Educational Action Research,Susan Noffke,
Nolen Hoeksema,1,introduction to psychology,Hoeksema Nolen,
Nolen-Hoeksema Susan,1,Atkinson and Hilgard's introduction to psychology,Susan Nolen-Hoeksema,
Norbert Schmitt,1,AN INTRODUCTION TO Applied Linguistics 3rd edition,Schmitt Norbert,
Noriko Mizuta Lippit,1,Japanese Women Writers,Mizuta Lippit Noriko,
O'NEIL PATRICK H.,1,Essential readings in comparative politics,PATRICK H. O'NEIL,
O'Quinn Amy M.,1,Marie Curie for Kids,Amy M. O'Quinn,
Oakley Barbara,1,A mind for numbers : how to excel at math and science (even if you flunked algebra),Barbara Oakley,
Ober Scot,1,Keyboarding & Document Proccessing for Microcomputers,Scot Ober,
Okawa Ryuho,1,ដាច់ខាតត្រូវគិតថាមិនបរាជ័យ,Ryuho Okawa,
Okazaki Tetsuji,1,The Japanese Economic System and its Historical Origins,Tetsuji Okazaki,
Omura George,1,Mastering AutoCAD 2017 and AutoCAD LT 2017,George Omura,
Osborn Anna,1,Collins - English for Life - Reading (B1+ Intermediate),Anna Osborn,
P. A. Levine Gregory,1,Long Strange Journey,A. Levine Gregory P.,
P.Karan Pradyumna,1,JAPAN IN THE 21ST CENTURY,Pradyumna P.Karan,
P.King Andrew,1,MATLAB Programming for Biomedical Engineers and Scientists,Andrew P.King,
P.Suits Jerry,1,Visualizing chemistry : chemical potential energy & chemical systems,Jerry P.Suits,
P.Wiggins Grant,1,An Assessment Student Performance,Grant P.Wiggins,
Pallant Julie,1,SPSS Survival Manual - A Step by step guide to Data Analysis Using IBM SPSS,Julie Pallant,
Palmer Robin,1,Little Miss Red,Robin Palmer,
Paul Fiona,1,Belladonna (Secrets of the Eternal Rose),Fiona Paul,
Paul Oyer,1,Everything I ever needed to know about economics I learned from online dating,Oyer Paul,
Payne Ruby K.,1,A Framework for Understanding Poverty,Ruby K. Payne,
Peale Norman Vincent,1,អានុភាពនៃ ការគិតវិជ្ជមាន- The power of positive thinking,Norman Vincent Peale,
Peers Ian,1,Statistical Analysis for Education Psychology Researchers,Ian Peers,
Pempel T.J.,1,Regime Shift (Comparative dynamics of the japanese political economy),T.J. Pempel,
Peñaflor Lygia Day,1,Unscripted Joss Byrd : a novel,Lygia Day Peñaflor,
Penelope Francks,1,The Historical Consumer,Francks Penelope,
Person Stephen,1,Malaria super killer!,Stephen Person,
PETER MACMILLAN,1,PENGUIN CLASSICS,MACMILLAN PETER,
PETTEM SILVIA,1,The Long Term Missing: Hope and Help for Families,SILVIA PETTEM,
Phillips Donna Kalmbach,1,BECOMING A TEACHER THROUGH ACTION RESEARCH,Donna Kalmbach Phillips,
Pilling David,1,Bending Adversity - Japan and the art of survival,David Pilling,
Pimentel Ric,1,Mathematics,Ric Pimentel,
Pine B. Joseph,1,The experience economy,B. Joseph Pine,
Pine Stanley H.,1,Organic chemistry,Stanley H. Pine,
Pink Daniel H.,1,A whole new mind : why right-brainers will rule the future,Daniel H. Pink,
Pinter Annamaria,1,Teaching young language learners,Annamaria Pinter,
Pólya George,1,MATHEMATICS AND PLAUSIBLE REASONING,George Pólya,
Porée Anne-Laure,1,ការថែទាំផ្ទៃពោះ,Anne-Laure Porée,
POSKITT KJARTAN,1,MURDEROUS MATHS : ALL SHAPES AND SIZES,KJARTAN POSKITT,
Postman Anew,1,Amusing ourselves to death : public discourse in the age of show business,Anew Postman,
POU SOTHIRAK,1,CAMBODIA PROGRESS AND CHALLENGES SINCE 1991,SOTHIRAK POU,
Price Nora,1,Zoe letting go,Nora Price,
Puchner Martin,1,The Norton anthology of world literature,Martin Puchner,
Purdy Rebekah L.,1,The winter people,Rebekah L. Purdy,
R. Ambaras David,1,Japan's Imperial Under Worlds,Ambaras David R.,
R. Miller Kenneth,1,Biology,Miller Kenneth R.,
R. Skemp Richard,1,THE Psychology of Learning Mathematics,Skemp Richard R.,
R. Terrell Steven,1,Statistics translated : a step-by-step guide to analyzing and interpreting data,Terrell Steven R.,
R.AMBROS BARBARA,1,WOMEN IN JAPANESE RELIGIONS,BARBARA R.AMBROS,
Rando Kim,1,ព្រោះជាយុវវ័យហ្នឹងហើយទើបឈឺចាប់,Kim Rando,
Ratey John J.,1,Spark! : the revolutionary new science of exercise and the brain Spark! : the revolutionary new science of exercise and ,John J. Ratey,
Ravitch Diane,1,Reign of Error: The Hoax of the Privatization Movement and the Danger to America's Public Schools,Diane Ravitch,
Rayban Chloë.,1,My life starring Mum,Chloë. Rayban,
Raymond Murphy,1,Essential Grammar in Use,Murphy Raymond,
Rebecca Suter,1,The Japanization Modernity,Suter Rebecca,
Rebick Marcus,1,The Japanese Employment System,Marcus Rebick,
Reeve Philip,1,Desperate measures,Philip Reeve,
Reeves Martin,1,HBR's 10 must reads for CEOs,Martin Reeves,
Regier Marc,1,The Microwave Processing of Foods,Marc Regier,
Reichheld Frederick F,1,THE ULTIMATE QUESTION 2.0,Frederick F Reichheld,
Reichs Kathy,1,Code,Kathy Reichs,
Reingold Adam,1,Smallpox : is it over?,Adam Reingold,
Reinhard Drifte,1,Japan's quest for a permanent security council seat,Drifte Reinhard,
Renneberg Reinhard,1,Biotechnology for beginners,Reinhard Renneberg,
Rex H Heyworth,1,All About For Lower Secondary Volume A Theory Workbook,H Heyworth Rex,
Reynolds William M.,1,Handbook of psychology,William M. Reynolds,
RHONA SNELLING,1,Get Ready for IELTS : Speaking,SNELLING RHONA,
Riggs Carol,1,The body institute,Carol Riggs,
Rimer J. Thomas,1,Modern Japanese Literature Volume 2: From 1954 to the Present,J. Thomas Rimer,
Ripley Amanda,1,The Smartest Kids in the World: And How They Got That Way,Amanda Ripley,
Ritchhart Ron,1,"Making thinking visible : how to promote engagement, understanding, and independence for all learners",Ron Ritchhart,
Robert L. Tignor,1,"WORLDS TOGETHER, WORLDS APART",L. Tignor Robert,
Robertson Jennifer,1,Robo Sapiens Japanicus,Jennifer Robertson,
Robin Kietlinski,1,Japanese Women and Sport,Kietlinski Robin,
Rodney Clark,1,The Japanese Company,Clark Rodney,
Roger Muncaster,1,A-LEVEL PHYSICS 4TH EDITION,Muncaster Roger,
Rosenthal Morris,1,Computer Repair with Diagnostic Flowcharts Third Edition,Morris Rosenthal,
Ross-Gordon Jovita M,1,FOUNDATION OF ADULT AND CONTINUING EDUCATION,Jovita M Ross-Gordon,
Rost Michael,1,Teaching and researching listening,Michael Rost,
Rousseau Jean-Jacques,1,EMILE,Jean-Jacques Rousseau,
Rubin Jay,1,The Penguin book of Japanese short stories,Jay Rubin,
Rucker Walter E.,1,Heath Mathematics,Walter E. Rucker,
Rue Nancy N.,1,Sorry I'm not sorry,Nancy N. Rue,
Ruiz de Zarobe Yolanda,1,Content and language integrated learning : language policy and pedagogical practice,de Zarobe Yolanda Ruiz,
Ruiz Miguel,1,The Four Agreements: Practical Guide to Personal Freedom,Miguel Ruiz,
Rushby Allison,1,Shooting Stars,Allison Rushby,
RUTH OZEKI,1,A TALE FOR THE TIME BEING,OZEKI RUTH,
Ryan Kevin,1,"Those Who Can, Teach",Kevin Ryan,
Ryoichi Sasakawa,1,Sugamo Diary,Sasakawa Ryoichi,
S. Krauss Ellis,1,Broadcasting Politics in Japan NHK and Television News,Krauss Ellis S.,
Sadako Ogata,1,The Turbulent Decade,Ogata Sadako,
Sadker David Miller,1,"Gender in the classroom : foundations, skills, methods, and strategies across the curriculum",David Miller Sadker,
SAHLBERG PASI,1,Finnish lessons : what can the world learn from educational change in Finland?,PASI SAHLBERG,
Sammons John,1,The Basics of Cyber Safety - Computer and Mobile device Safety Made Easy,John Sammons,
Sandberg Sheryl,1,"Lean In: Women, Work, and the Will to Lead",Sheryl Sandberg,
Sander Jacobs,1,"Ecosystem Services: Global Issues, Local Practices",Jacobs Sander,
Sang David,1,Physics,David Sang,
Sarah Lynn,1,Skills for Succeess : Reading and Writing 1,Lynn Sarah,
Saris Willem E.,1,"Design, evaluation, and analysis of questionnaires for survey research",Willem E. Saris,
Sarter Martin,1,Benzodiazepine Receptor Inverse Agonists,Martin Sarter,
SAUBER-SELLEN JOANNE,1,"Journeys Grammar Book, Level 3",JOANNE SAUBER-SELLEN,
Saville-Troike Muriel,1,ntroducing Second Language Acquisition,Muriel Saville-Troike,
SAYAKA MURATA,1,CONVENIENCE STORE WOMAN,MURATA SAYAKA,
Schack Edna O.,1,"Teacher Noticing : Bridging and Broadening Perspectives, Contexts, and Frameworks",Edna O. Schack,
Schaefer Richard T,1,Sociology,Richard T Schaefer,
Scheerens Jaap,1,"Educational evaluation, assessment, and monitoring : a systemic approach",Jaap Scheerens,
Schilthuizen Menno,1,Darwin comes to town : how the urban jungle drives evolution,Menno Schilthuizen,
Schmidt Richard F.,1,Software Engineering - Architecture - Driven Software Development,Richard F. Schmidt,
Schmidt Tiffany,1,Send Me a Sign,Tiffany Schmidt,
Schmitt Norbert,1,An introduction to applied linguistics,Norbert Schmitt,
Schneier Bruc,1,Carry on : sound advice from Schneier on security,Bruc Schneier,
SCHON Donald A,1,The Reflective Practitioner,Donald A SCHON,
Schoppa Leonard J.,1,Race For The Exits - The Unraveling of Japan's System of Social Protection,Leonard J. Schoppa,
Schultz Fred,1,"Education, 1996-1997",Fred Schultz,
Schwartz PhD david J.,1,គិតធំឈ្នះធំ ៖ សុបិនធំគិតធំ សម្រេចជោគជ័យធំៗ,PhD david J. Schwartz,
SCOTT FORESMAN,1,READING STREET : UNIT 6,FORESMAN SCOTT,
SCOTT O'BRYAN,1,THE GROWTH IDEA Purpose and Prosperity in Postwar Japan,O'BRYAN SCOTT,
Serway Raymond A.,1,Holt physics,Raymond A. Serway,
Seth KHIN,1,វេយ្យាករណ៍ ភាសាខ្មែរ,KHIN Seth,
Setterberg Fred,1,Toxic Nation: The Fight to Save Our Communities from Chemical Contamination,Fred Setterberg,
Shapiro Norma,1,វចនានុក្រមរូបភាព The Oxford picture dictionary. English-Cambodian,Norma Shapiro,
Sharan Kishori,1,Beginning Java 17 Fundamentals - Object-Oriented Programming in Java 17,Kishori Sharan,
Sharma Robin,1,Leadership Wisdom from the Monk Who Sold His Ferrari,Robin Sharma,
Sharpe Pamela J.,1,TOEFL IBT Internet-Based Test 2006-2007-2008,Pamela J. Sharpe,
SHAW RAJIB,1,URBAN DISASTERS AND RESILIENCE IN ASIA,RAJIB SHAW,
Shea Thomas M.,1,An Introduction To Special Education: A Social Systems Perspective,Thomas M. Shea,
Sheared Vanessa,1,The handbook of race and adult education,Vanessa Sheared,
Shehadeh Ali,1,Task-Based Language Teaching in Foreign Language Contexts,Ali Shehadeh,
Shen Alexander,1,Geometry in problems,Alexander Shen,
SHIMIZU Kinya,1,គម្រូកិច្ចតែងការបង្រៀន តាមបែបរិះរកសម្រាប់ ការបង្រៀនវិទ្យាសាស្រ្តនៅអនុវិទ្យាល័យ,Kinya SHIMIZU,
Shin Joan Kang,1,Teaching Young Learners English,Joan Kang Shin,
Shoji Shiba,1,Four Practical Revolutions in Management,Shiba Shoji,
Siang Tan Kok,1,SCIENCE Around Us,Tan Kok Siang,
Siegel Daniel J.,1,El cerebro del niño: 12 estrategias revolucionarias para cultivar la mente en desarrollo de tu hijo (Educación) (Spanish,Daniel J. Siegel,
Siggelkow Nicola,1,Connected strategy : building continuous customer relationships for competitive advantage,Nicola Siggelkow,
Silverberg Miriam,1,Erotic Grotesque Nonsense,Miriam Silverberg,
Silverstein Michael J.,1,The $10 trillion prize : captivating the newly affluent in China and India,Michael J. Silverstein,
Simpson Debbie,1,Primary ICT across the curriculum,Debbie Simpson,
Sinek Simon,1,Start with why : how great leaders inspire everyone to take action,Simon Sinek,
Singapore Curriculum Planning,1,All About Social Studies Normal(Technical) Secondary 4 Coursebook,Curriculum Planning Singapore,
Singer Blair,1,អ្នកលក់លេខ១ - Best Seller,Blair Singer,
Singer Mihaela,1,Mathematical Problem Posing,Mihaela Singer,
Sizer Theodore R,1,The new American high school,Theodore R Sizer,
Skarzynski Peter,1,Innovation to the Core: A Blueprint for Transforming the Way Your Company Innovates,Peter Skarzynski,
Skemp Richard R,1,Mathematics in the primary school,Richard R Skemp,
Sklar David,1,Learning PHP - A Gentle Introduction to the Web's most Popular Language,David Sklar,
Slayton Shonna,1,Cinderella's shoes,Shonna Slayton,
Slutsky David J.,1,Techniques in wrist and hand arthroscopy,David J. Slutsky,
Smalzer William R.,1,Basic Grammar in use Workbook with answers,William R. Smalzer,
Smart Roland,1,The agile marketer : turning customer experience into your competitive advantage,Roland Smart,
Smith Larry,1,ហ៊ានសម្រេច ហ៊ានធ្វើ,Larry Smith,
Smith Sheila A.,1,Intimate Rivals - Japanese Domestic Politics and a Rising China,Sheila A. Smith,
Snyder Stephen,1,Fiction in Contemporary Japan - Oe and beyond,Stephen Snyder,
Sok Soth,1,Guide for the Effective Dissemination of the Asia-Pacific ESD Teacher Competency Framework,Soth Sok,
SOK Udom Deth,1,AHistoiry of Cambodia-Thailand Diplomatic Relations 1950-2020,Udom Deth SOK,
Somasundaram G.,1,Information storage and management,G. Somasundaram,
Song Houbing,1,"Cyber-Physical Systems - Foundations, Principles and Applications",Houbing Song,
Soo Thong Ho,1,New additional mathematics,Thong Ho Soo,
Soyinka Wale,1,Linux Administration A Beginner's Guide,Wale Soyinka,
Sparks Stacey k,1,Hi Five Communication,Stacey k Sparks,
Stephen M.R Covey,1,ទំនុកចិត្តយុទ្ធនាំទៅរកភាពជោគជ័យខ្ពស់បំផុត,M.R Covey Stephen,
STEPHEN R COVEY,1,ដំបូន្មានចុងក្រោយ,R COVEY STEPHEN,
STEVEN HEINE,1,From Chinese Chan to Japanese Zen A Remarkable Century of Transmission and Transformation,HEINE STEVEN,
Stine Megan,1,Who Was Marie Curie?,Megan Stine,
Stockwin J.A.A.,1,Governing Japan,J.A.A. Stockwin,
Stones E.,1,An introduction to educational psychology,E. Stones,
Storey Valerie,1,The essential guide for new writers : from idea to finished manuscript,Valerie Storey,
Straus JANE,1,THE BLUE BOOK OF GRAMMAR AND PUNCTUATION,JANE Straus,
Strunk William,1,The elements of style,William Strunk,
Stulgis-Blalock Joyce A.,1,Math projects : 50 hands-on projects that correlate to specific maths concepts,Joyce A. Stulgis-Blalock,
Sue DUCHESNE,1,Educational psychology - For learning and Teaching,DUCHESNE Sue,
Sueo Sudo,1,Japan's Asean Policy in Search of Proactive Multilateralism,Sudo Sueo,
Sukthankar Gita,1,"Plan, activity, and intent recognition : theory and practice",Gita Sukthankar,
Sullivan Peter,1,Teaching with Tasks for Effective Mathematics Learning,Peter Sullivan,
Sumner Stuart,1,You:For Sale - Protecting Your Personal Data and Privacy Online,Stuart Sumner,
Sunstein Cass R,1,Wiser : getting beyond groupthink to make groups smarter,Cass R Sunstein,
Susan J. Napier,1,Anime,J. Napier Susan,
SUTTNER RAYMOND,1,Recvering Democracy IN South Africa,RAYMOND SUTTNER,
Suurtamm Christine,1,Assessment in Mathematics Education,Christine Suurtamm,
Sylvia S Mader,1,Essentials of biology,S Mader Sylvia,
Takahiro Fujimoto,1,The Evolution of a Manufacturing System at Toyota,Fujimoto Takahiro,
Takeo Doi,1,The anatomy of dependence,Doi Takeo,
Tan Oon-Seng,1,EDUCATIONAL PSYCHOLOGY,Oon-Seng Tan,
Tarakson Stella,1,Circe's beastly feast,Stella Tarakson,
Tatroe Kevin,1,Programming PHP Creating Dynamic Web Pages,Kevin Tatroe,
Tatum Beverly Daniel,1,Why are all the black kids sitting together in the cafeteria? : and other conversations about race,Beverly Daniel Tatum,
Taylor Atkins,1,A History of Popular Culture in Japan,Atkins Taylor,
TEA BANH,1,The past struggles foundation for today peace,BANH TEA,
Teo Gwan,1,"Energy : 5 & 6,. Science",Gwan Teo,
TEO-GWAN WAI LAN,1,Interactions : 3 & 4,WAI LAN TEO-GWAN,
Tetsuo Kuramoto,1,lesson Study and Curriculum Management in Japan,Kuramoto Tetsuo,
Thang Leng Leng,1,Generations in touch,Leng Leng Thang,
THEODORE C.BESTOR,1,TSUKIJI,C.BESTOR THEODORE,
Thomas David A,1,Breaking through : the making of minority executives in corporate America,David A Thomas,
Thong Ho Soo,1,NEW ADDITIONAL MATHEMATICS,Ho Soo Thong,
Thrush Emily A.,1,INTERACTIONS ACCESS A Listening/Speaking Book,Emily A. Thrush,
Tierney Bob,1,How to write to learn science,Bob Tierney,
Tillman Terry,1,THE WRITINGS ON THE WALL,Terry Tillman,
Timon Screech,1,"Obtaining Images - Art, Production and Display in Edo Japan",Screech Timon,
Toby Ronald,1,State and Diplomacy in Early Modern Japan,Ronald Toby,
TOCQUIGNY CARLA,1,TOCQUIGNY LIFE LESSOMS FROM FAMILY VACATIONS,CARLA TOCQUIGNY,
Tomoko Aoyama,1,Configurations of Family in Contemporary Japan,Aoyama Tomoko,
Tovani Cris,1,"I read it, but I don't get it : comprehension strategies for adolescent readers",Cris Tovani,
Townsend Tony,1,Instructional leadership and leadership for learning in schools,Tony Townsend,
Trier Jean,1,United Nation High Commissioner For Refugees,Jean Trier,
Tupper Charles D,1,Data Architecture,Charles D Tupper,
Turvey Keith,1,"Primary computing & digital technologies : knowledge, understanding and practice",Keith Turvey,
Ullman Larry,1,PHP and MySQL for Dynamic Web Sites,Larry Ullman,
ULRICH DAVE,1,THE LEADERSHIP CODE,DAVE ULRICH,
Ulrich David,1,The HR value proposition,David Ulrich,
V.Gipps Caroline,1,BEYOND TESTING,Caroline V.Gipps,
Vacca John R.,1,Computer and Information Security - Handbook,John R. Vacca,
Vale David,1,Teaching children English : a training course for teachers of English to children,David Vale,
Vallero Dadiel A.,1,Enviromental Biotechnology A Biosystems Approach,Dadiel A. Vallero,
Van Naerssen,1,Scitech Instructor's Manual,Naerssen Van,
VannPatten Bill,1,Key Questions in Second Language Acquisition,Bill VannPatten,
Venkat Shyam,1,Liquidity risk management : a practitioner's perspective,Shyam Venkat,
Verganti Roberto,1,Design-driven innovation : changing the rules of competition by radically innovating what things mean,Roberto Verganti,
Verma J. P.,1,Statistics and Research Methods in Psychology with Excel,J. P. Verma,
Vermeulen Freek,1,Breaking bad habits : why best practices are killing your business,Freek Vermeulen,
Verzemnieks Inara,1,AMONG THE LIVING THE DEAD,Inara Verzemnieks,
VINCE RALPH,1,THE LEVERAGE SPACE TRADING MODEL,RALPH VINCE,
VISHV BOOK,1,3 FASCINATING STORIES,BOOK VISHV,
Votruba James C.,1,Becoming an engaged campus : a practical guide for institutionalizing public engagement,James C. Votruba,
Vygotsky lev,1,THOUGHT AND LANGUAGE,lev Vygotsky,
W. Greene Ross,1,Lost at School: Why Our Kids with Behavioral Challenges are Falling Through the Cracks and How We Can Help Them,Greene Ross W.,
W.DOWER JOHN,1,WAR WITHOUT MERCY,JOHN W.DOWER,
Wagner Tony,1,Creating Innovators: The Making of Young People Who Will Change the World,Tony Wagner,
Wai Lan Teo-Gwan,1,"Interactions : 5&6,. science",Lan Teo-Gwan Wai,
Walle stefaan vande,1,ការបង្រៀនមុខវិជ្ជាវិទ្យាសាស្រ្ត តាមបែបគោលវិធីសិស្សមជ្ឃមណ្ឌល ផ្នែកទី៣,stefaan vande Walle,
Walle Van de,1,Elementary and middle school mathematics : teaching developmentally,Van de Walle,
Waller David,1,IT Practical Skill Workbook,David Waller,
WALTER ALAN E.,1,RADIATION AND MODERN LIFE,ALAN E. WALTER,
WANG HONG XIA,1,15 Days' Practice for IELTS Speaking,HONG XIA WANG,
Wardlaw Gordon M.,1,Perspectives in Nutrition,Gordon M. Wardlaw,
WASHAM SPRING,1,A FIERCE HEART,SPRING WASHAM,
Watanabe Kensuke,1,No problem : an easy guide to getting what you want,Kensuke Watanabe,
Watkins Michael,1,Your next move : the leader's guide to navigating major career transitions,Michael Watkins,
Watson Anne,1,Mathematics as Constructive Activity,Anne Watson,
Watson Burton,1,The Tales of the Heike,Burton Watson,
Way Jenni,1,ICT and primary mathematics,Jenni Way,
Weber Jeanette,1,"CLOTHING : FASHION , FABRICS & CONSTRUCTION",Jeanette Weber,
Weigle Sara Cushing,1,Assessing Writing,Sara Cushing Weigle,
Weill Peter,1,IT Savvy,Peter Weill,
Weinstein Carol Simon,1,Middle and secondary classroom management : lessons from research and practice,Carol Simon Weinstein,
Weisenfeld Gennifer,1,Imaging Disaster,Gennifer Weisenfeld,
Werlin Nancy,1,Unthinkable,Nancy Werlin,
Westover Tara,1,Educated : a memoir,Tara Westover,
Willams Cindy,1,"Shirley, I Jest! A Storied Life",Cindy Willams,
William E. Deal,1,A cultural History of Japanese Buddhism,E. Deal William,
Williams Joan C.,1,WHITE WORKING CLASS,Joan C. Williams,
Williams John,1,ICT and primary science,John Williams,
Wilson Dawn,1,DIGITAL MEDIA IN TODAY'S CLASSROOMS,Dawn Wilson,
Wood Lamont,1,Thornton's luck : How America almost lost the Mexican-American War,Lamont Wood,
Woollard John,1,Learning and Teaching Using ICT in Secondary Schools,John Woollard,
Wright Robert J.,1,"Developing number knowledge : assessment, teaching & intervention with 7-11 year-olds",Robert J. Wright,
Wright Tristina,1,27 hours,Tristina Wright,
Wu Margaret,1,Educational measurement for applied researchers : theory into practice,Margaret Wu,
Wyse Dominic,1,"The SAGE handbook of curriculum, pedagogy and assessment",Dominic Wyse,
Yano Christine R.,1,Pink Globalization - Hello Kitty's Trek across the Pacific,Christine R. Yano,
Yashchenko Lvan,1,Invitation to a Mathematical Festival,Lvan Yashchenko,
Yeo Joseph B. W,1,New Syllabus Mathematics Workbook 7 edition,Joseph B. W Yeo,
Yoe Joseph,1,New Syllabus Mathematics Normal (Academic) Workbook,Joseph Yoe,
Yoichi Funabashi,1,Examining Japan's Lost Decades,Funabashi Yoichi,
Yoo Chai H.,1,Stability of Structures,Chai H. Yoo,
Yoshio Sugimoto,1,The Cambridge Companion To Modern Japanese Culture,Sugimoto Yoshio,
Zaccaro Edward,1,Becoming a problem solving genius : a handbook of math strategies,Edward Zaccaro,
Zander Rosamund Stone,1,The ART of Possibility,Rosamund Stone Zander,
Zaslavsky Orit,1,Constructing knowledge for teaching secondary mathematics,Orit Zaslavsky,
zeng Ming,1,SMART BUSINESS,Ming zeng,
Zenger Todd,1,Beyond competitive advantage : how to solve the puzzle of sustaining growth while creating value,Todd Zenger,
Zirin James D.,1,Supremely partisan : how raw politics tips the scales in the United States Supreme Court,James D. Zirin,
Zvonkin Alexander,1,Math from three to seven : the story of a mathematical circle for preschoolers,Alexander Zvonkin,
