source,current_url,title,author,publisher,category,year,signal,proposed_type,decision,notes
books,/books/អន្តរកម្មសម្រាប់វិទ្យាសាស្ត្ររូបវិទ្យា-សៀវភៅសម្រាប់សិស្ស-ភាគ៣,អន្តរកម្មសម្រាប់វិទ្យាសាស្ត្ររូបវិទ្យា សៀវភៅសម្រាប់សិស្ស ភាគ៣,សន សុយៀម ស៊្រុន សៀងហួរ និង ឈឺន ឈាន,ការផ្សាយរបស់បណ្ណាល័យវិទ្យាស្ថានគរុកោសល្យរាជធានីភ្នំពេញ (Phnom Penh Teacher Education College Library Press),រូបវិទ្យា,2026,publisher: PTEC,,,
books,/books/កម្មវិធីសិក្សាសិក្សាសង្គម-ថ្នាក់ទី១-៦-ជំនាន់ចុងក្រោយ-msr,កម្មវិធីសិក្សាសិក្សាសង្គម ថ្នាក់ទី១-៦ (ជំនាន់ចុងក្រោយ MSR),ក្រសួងអប់រំ យុវជន និងកីឡា,,សិក្សាសង្គម,2023,title: cohort / batch / generation,,,
books,/books/action-research-a-guide-for-the-teacher-researcher-5th-edition,Action Research: A Guide for the Teacher Researcher (5th Edition),Geoffrey E. Mills,,ស្រាវជ្រាវប្រតិបត្តិ,2014,title: action research,,,
books,/books/action-research-in-teaching-and-learning,Action Research in Teaching and Learning,Lin S. Norton,,ស្រាវជ្រាវប្រតិបត្តិ,2009,title: action research,,,
books,/books/becoming-a-teacher-through-action-research-3rd-edition,Becoming a Teacher Through Action Research (3rd Edition),"Donna Kalmbach Phillips, Kevin Carr",,ស្រាវជ្រាវប្រតិបត្តិ,2014,title: action research,,,
books,/books/action-research-in-education-a-practical-guide,Action Research in Education: A Practical Guide,"Sara Efrat Efron, Ruth Ravid",,ស្រាវជ្រាវប្រតិបត្តិ,2013,title: action research,,,
books,/books/integrating-teaching-learning-and-action-research,"Integrating Teaching, Learning, and Action Research","Ernest T. Stringer, Lois McFadyen Christensen, Shelia C. Baldwin",,ស្រាវជ្រាវប្រតិបត្តិ,2010,title: action research,,,
books,/books/the-action-research-planner-doing-critical-participatory-action-research,The Action Research Planner: Doing Critical Participatory Action Research,"Stephen Kemmis, Robin McTaggart, Rhonda Nixon",,ស្រាវជ្រាវប្រតិបត្តិ,2014,title: action research,,,
books,/books/គុណភាពទឹក-សម្រាប់វិទ្យាសាស្ត្រគីមីវិទ្យា-និងបរិស្ថានវិទ្យា,គុណភាពទឹក សម្រាប់វិទ្យាសាស្ត្រគីមីវិទ្យា និងបរិស្ថានវិទ្យា,សៀង គឹមស៊្រុន និង ឈាង សុភា,ការផ្សាយរបស់បណ្ណាល័យវិទ្យាស្ថានគរុកោសល្យរាជធានីភ្នំពេញ (Phnom Penh Teacher Education College Library Press),គីមីវិទ្យា,2026,publisher: PTEC,,,
books,/books/action-research-series-volume-3,Action Research Series Volume 3,Phnom Penh Teacher Education College,Phnom Penh Teacher Education College,ស្រាវជ្រាវប្រតិបត្តិ,2023,title: action research; publisher: PTEC; author: PTEC,,,
books,/books/ផែនដីវិទ្យា-ថ្នាក់-ទី-៨-ជំពូក-ទី-៣-មេរៀន-ទី-២-វគ្គព្រះចន្ទ,ផែនដីវិទ្យា​ ថ្នាក់​ទី​៨ ជំពូក​ទី​៣ មេរៀន​ទី​២៖ ​វគ្គព្រះចន្ទ,ក្រសួងអប់រំ យុវជន និងកីឡា,,វិទ្យសាស្ត្រ,2026,title: cohort / batch / generation,,,
books,/books/doing-action-research-in-english-language-teaching,Doing Action Research in English Language Teaching,Anne Burns,,ស្រាវជ្រាវប្រតិបត្តិ,2010,title: action research,,,
books,/books/action-research-in-practice-partnerships-for-social-justice-in-education,Action Research in Practice: Partnerships for Social Justice in Education,"Bill Atweh, Stephen Kemmis, Patricia Weeks (Editors)",,ស្រាវជ្រាវប្រតិបត្តិ,1998,title: action research,,,
books,/books/វគ្គបណ្តុះបណ្តាល-ស្តីពីការប្រើ-blookit-ជាល្បែង-សិក្សាសម្រាប់បង្រៀ,វគ្គបណ្តុះបណ្តាល ស្តីពីការប្រើ Blookit ជាល្បែង សិក្សាសម្រាប់បង្រៀ,KAPE_Communication,,ស្ថិតិ និងវិភាគទិន្នន័យ,2026,title: cohort / batch / generation,,,
books,/books/របាយការណ៍ស្រាវជ្រាវ-ការសិក្សាពីចំណេះដឹង-ឥរិយាបថ-និងការអនុវត្តជាប្,របាយការណ៍ស្រាវជ្រាវ ការសិក្សាពីចំណេះដឹង ឥរិយាបថ និងការអនុវត្តជាប្,Chhinh Nyda,,ស្រាវជ្រាវ,2026,title: research report,,,
books,/books/action-research-themes-in-education,Action Research (Themes in Education),Eileen Ferrance,,ស្រាវជ្រាវប្រតិបត្តិ,2000,title: action research,,,
books,/books/វគ្គបណ្តុះបណ្តាលស្តីពី-ការប្រើបច្ចេកវិទ្យាព័ត៌មាន-និងសារ-គមនាគមន៍,វគ្គបណ្តុះបណ្តាលស្តីពី ការប្រើបច្ចេកវិទ្យាព័ត៌មាន និងសារ គមនាគមន៍,Saberleaf,,គរុកោសល្យ,2023,title: cohort / batch / generation,,,
books,/books/សុខភាពនៅក្នុងដៃរបស់យើង-សម្រាប់វិទ្យាសាស្ត្រជីវវិទ្យា,សុខភាពនៅក្នុងដៃរបស់យើង សម្រាប់វិទ្យាសាស្ត្រជីវវិទ្យា,លុក សូលីនដា និង ជន សុគន្ធារី,ការផ្សាយរបស់បណ្ណាល័យវិទ្យាស្ថានគរុកោសល្យរាជធានីភ្នំពេញ (Phnom Penh Teacher Education College Library Press),ជីវវិទ្យា,2026,publisher: PTEC,,,
books,/books/action-research-in-teacher-development,Action Research in Teacher Development,Danuta Gabryś-Barker (Editor),,ស្រាវជ្រាវប្រតិបត្តិ,2011,title: action research,,,
books,/books/action-research-for-teacher-candidates,Action Research for Teacher Candidates,Robert P. Pelton (Editor),,ស្រាវជ្រាវប្រតិបត្តិ,2010,title: action research,,,
books,/books/body-composition-and-mortality-in-a-cohort-study-of-chinese-patie,Body composition and mortality in a cohort study of Chinese patie,ក្រសួងអប់រំ យុវជន និងកីឡា,,សុខភាព,2023,title: cohort / batch / generation,,,
books,/books/កម្មវិធី-បង្រៀន-របស់-intel-វគ្គ-សិក្សា-ចាប់-ផ្ដើម-ដំបូង,​កម្មវិធី​បង្រៀន​របស់ Intel វគ្គ​សិក្សា​ចាប់​ផ្ដើម​​ដំបូង,នាយកដ្ឋានបច្ចេកវិទ្យាព័ត៌មាន,,វិទ្យសាស្ត្រ,2009,title: cohort / batch / generation,,,
books,/books/របាយការណ៍ស្រាវជ្រាវលើកតម្លៃ-lap-កុំព្យូទ័រនៅអនុវិទ្យាល័យខ្នាចរមាស,របាយការណ៍ស្រាវជ្រាវលើកតម្លៃ LAP កុំព្យូទ័រនៅអនុវិទ្យាល័យខ្នាចរមាស,Bro Nak,,ស្រាវជ្រាវ,2012,title: research report,,,
books,/books/គុណភាពនៃការបង្រៀននិងរៀនឆ្លើយតបការអប់រំក្នុងសតវត្សទី២១-របាយការណ៍ស្រាវជ្រាវប្រតិបត្តិជ្រើសរើស-គរុនិស្សិត១២-៤-ជំនាន់ទី៣-ឆ្នាំសិក្សា២០២៤-២០២៥,គុណភាពនៃការបង្រៀននិងរៀនឆ្លើយតបការអប់រំក្នុងសតវត្សទី២១ របាយការណ៍ស្រាវជ្រាវប្រតិបត្តិជ្រើសរើស គរុនិស្សិត១២+៤ ជំនាន់ទី៣ ឆ្នាំសិក្សា២០២៤-២០២៥,Phnom Penh Teacher Education College,Phnom Penh Teacher Education College,ស្រាវជ្រាវប្រតិបត្តិ,2025,title: action research; title: research report; title: cohort / batch / generation; publisher: PTEC; author: PTEC,,,
books,/books/កម្មវិធីសិក្សាវិទ្យាសាស្ត្រ-ថ្នាក់ទី១-៦-ជំនាន់ចុងក្រោយ-msr,កម្មវិធីសិក្សាវិទ្យាសាស្ត្រ ថ្នាក់ទី១-៦ (ជំនាន់ចុងក្រោយ MSR),ក្រសួងអប់រំ យុវជន និងកីឡា,,វិទ្យសាស្ត្រ,2023,title: cohort / batch / generation,,,
books,/books/the-action-research-guidebook-a-four-step-process,The Action Research Guidebook: A Four-Step Process,Richard Sagor,,ស្រាវជ្រាវប្រតិបត្តិ,2005,title: action research,,,
books,/books/កម្មវិធីសិក្សាភាសាខ្មែរ-ថ្នាក់ទី១-៦-ជំនាន់ចុងក្រោយ-msr,កម្មវិធីសិក្សាភាសាខ្មែរ ថ្នាក់ទី១-៦ (ជំនាន់ចុងក្រោយ MSR),ក្រសួងអប់រំ យុវជន និងកីឡា,,ភាសាខ្មែរ,2023,title: cohort / batch / generation,,,
books,/books/កម្មវិធីសិក្សាគណិតវិទ្យា-ថ្នាក់ទី១-៦-ជំនាន់ចុងក្រោយ-msr,កម្មវិធីសិក្សាគណិតវិទ្យា ថ្នាក់ទី១-៦ (ជំនាន់ចុងក្រោយ MSR),ក្រសួងអប់រំ យុវជន និងកីឡា,,គណិតវិទ្យា,2023,title: cohort / batch / generation,,,
books,/books/សៀវភៅវគ្គបំប៉នគ្រូវិទ្យាល័យស្ដីពី-ការថែទាំកុំព្យូទ័រ-និងគ្រប់គ្រង,សៀវភៅវគ្គបំប៉នគ្រូវិទ្យាល័យស្ដីពី ការថែទាំកុំព្យូទ័រ និងគ្រប់គ្រង,នាយកដ្ឋានបច្ចេកវិទ្យាព័ត៌មាន,,វិទ្យសាស្ត្រ,2026,title: cohort / batch / generation,,,
books,/books/action-research-series-volume-2,Action Research Series Volume 2,Phnom Penh Teacher Education College,Phnom Penh Teacher Education College,ស្រាវជ្រាវប្រតិបត្តិ,2022,title: action research; publisher: PTEC; author: PTEC,,,
books,/books/the-action-research-guidebook-cdpf-iii,The Action Research Guidebook (CDPF III),Capacity Development Partnership Fund (CDPF III),,ស្រាវជ្រាវប្រតិបត្តិ,2019,title: action research,,,
books,/books/action-research-series-volume-1,Action Research Series Volume 1,Phnom Penh Teacher Education College,Phnom Penh Teacher Education College,ស្រាវជ្រាវប្រតិបត្តិ,2021,title: action research; publisher: PTEC; author: PTEC,,,
books,/books/quality-of-teaching-and-learning-in-response-to-21st-century-education-selected-action-research-reports-12-4-student-teachers-batch-3-academic-year-2024-2025,"Quality of Teaching and Learning in Response to 21st Century Education: Selected Action Research Reports, 12+4 Student Teachers Batch 3, Academic Year 2024-2025",Phnom Penh Teacher Education College,Phnom Penh Teacher Education College,ស្រាវជ្រាវប្រតិបត្តិ,2026,title: action research; title: research report; title: cohort / batch / generation; publisher: PTEC; author: PTEC,,,
old Google Site,,"Action Research Series, volume 1",,,,,named in the SEO brief,,,metadata to be taken from the site
old Google Site,,"Action Research Series, volume 2",,,,,named in the SEO brief,,,metadata to be taken from the site
old Google Site,,"Action Research Series, volume 3",,,,,named in the SEO brief,,,metadata to be taken from the site
old Google Site,,Action Research Top 10 (2023),,,,,named in the SEO brief,,,metadata to be taken from the site
old Google Site,,Conference abstracts (2024),,,,,named in the SEO brief,,,metadata to be taken from the site
old Google Site,,Conference abstracts (2025),,,,,named in the SEO brief,,,metadata to be taken from the site
