slug,title,stored_year,record_created,decision
ai-mastery-roadmap-5-ដំណាក់កាល-skill-next-ជំនាញអនាគត,AI Mastery Roadmap — 5 ដំណាក់កាល ⚡ Skill Next ជំនាញអនាគត,2026,2026-09-15,
artificial-intelligence-programming,Artificial Intelligence Programming,2026,2026-09-15,
auto-speech-recognition-of-khmer-language-draft,Auto Speech Recognition of Khmer Language(draft),2026,2026-09-16,
basic-coding-scratch,Basic Coding Scratch,2026,2026-09-15,
c-programming,C++ Programming,2026,2026-09-15,
cambodian-teacher-educators-attitudes-towards-the-use-of-informa,Cambodian Teacher Educators’ Attitudes towards the Use of Informa,2026,2026-09-15,
chemistry,Chemistry,2026,2026-09-16,
chicken-raising,Chicken Raising,2026,2026-09-16,
comprehensive-sexuality-education-in-cambodia,Comprehensive Sexuality Education in Cambodia,2026,2026-09-16,
curricula-upper-secondary-education-maths,Curricula Upper Secondary Education - Maths,2026,2026-09-17,
data-communication-and-computer-networking,Data Communication and Computer Networking,2026,2026-09-15,
database-management-system,Database Management System,2026,2026-09-15,
digital-literacy-fundamental,Digital Literacy Fundamental,2026,2026-09-15,
educational-multimedia,Educational Multimedia,2026,2026-09-15,
essential-english-for-foreign-students-book-1,Essential English for Foreign Students: Book 1,2026,2026-09-06,
essential-english-for-foreign-students-book-2,Essential English for Foreign Students: Book 2,2026,2026-09-06,
essential-english-for-foreign-students-book-3,Essential English for Foreign Students: Book 3,2026,2026-09-06,
essential-english-for-foreign-students-book-4,Essential English for Foreign Students: Book 4,2026,2026-09-06,
fish-raising,Fish Raising,2026,2026-09-16,
frog-raising,Frog Raising,2026,2026-09-16,
fruit-processing,Fruit processing,2026,2026-09-17,
generative-ai,Generative AI,2026,2026-09-15,
guidance-on-ai-and-children,Guidance on AI and Children,2026,2026-09-15,
how-to-use-google-suite,How to use Google Suite,2026,2026-09-15,
ict,ICT,2026,2026-09-15,
informal-solution-of-final-exam-fourier-analysis,Informal Solution of Final Exam (Fourier Analysis),2026,2026-09-16,
informatics-education,Informatics Education,2026,2026-09-15,
introduction-to-computer,Introduction to Computer,2026,2026-09-15,
introduction-to-database,Introduction to Database,2026,2026-09-15,
mathematics-education-in-singapore,Mathematics Education in Singapore,2026,2026-09-16,
matlab-programming-code-for-construct-the-normal-curve-in-hypothe,Matlab Programming Code for Construct the Normal Curve in Hypothe,2026,2026-09-16,
mobile-programming-project-1,Mobile-Programming ( Project 1),2026,2026-09-17,
ms-office-word,MS Office Word,2026,2026-09-15,
network-project-implementation-in-linux,Network Project Implementation in Linux,2026,2026-09-15,
python-programming,Python Programming,2026,2026-09-15,
quality-of-teaching-and-learning-in-response-to-21st-century-education-selected-action-research-reports-12-4-student-teachers-batch-3-academic-year-2024-2025,"Quality of Teaching and Learning in Response to 21st Century Education: Selected Action Research Reports, 12+4 Student Teachers Batch 3, Academic Year",2026,2026-09-04,
rubber-as-an-ecomomic-commodity,Rubber as an Ecomomic Commodity,2026,2026-09-15,
serway-jewett-physics-for-scientists-and-engineers-with-modern,"Serway,_Jewett_Physics_for_Scientists_and_Engineers_with_Modern",2026,2026-09-16,
simple-harmonic-motion-and-waves,simple harmonic motion and waves,2026,2026-09-16,
singapore-mathematical-olympiads-2013,SINGAPORE MATHEMATICAL OLYMPIADS 2013,2026,2026-09-16,
stem-monitoring-and-assessment-toolkit,STEM Monitoring and Assessment Toolkit,2026,2026-09-16,
straw-mushroom-growing,Straw Mushroom Growing,2026,2026-09-16,
yardlong-bean,Yardlong bean,2026,2026-09-16,
កញ្ចប់ឯកសារ-ការសិក្សាបំប៉នបន្ថែម-គណិតវិទ្យា-ថ្នាក់ទី២,កញ្ចប់ឯកសារ ការសិក្សាបំប៉នបន្ថែម គណិតវិទ្យា (ថ្នាក់ទី២),2026,2026-09-16,
កញ្ចប់ឯកសារការសិក្សាបំប៉នបន្ថែម-គណិតវិទ្យា-ថ្នាក់ទី៣,កញ្ចប់ឯកសារការសិក្សាបំប៉នបន្ថែម គណិតវិទ្យា (ថ្នាក់ទី៣),2026,2026-09-16,
កញ្ចប់ឯកសារការសិក្សាបំប៉នបន្ថែម-គណិតវិទ្យា-ថ្នាក់ទី៤,កញ្ចប់ឯកសារការសិក្សាបំប៉នបន្ថែម គណិតវិទ្យា (ថ្នាក់ទី៤),2026,2026-09-16,
កញ្ចប់ឯកសារការសិក្សាបំប៉នបន្ថែម-គណិតវិទ្យា-ថ្នាក់ទី៥,កញ្ចប់ឯកសារការសិក្សាបំប៉នបន្ថែម គណិតវិទ្យា (ថ្នាក់ទី៥),2026,2026-09-16,
កញ្ចប់ឯកសារការសិក្សាបំប៉នបន្ថែម-គណិតវិទ្យា-ថ្នាក់ទី៦,កញ្ចប់ឯកសារការសិក្សាបំប៉នបន្ថែម គណិតវិទ្យា (ថ្នាក់ទី៦),2026,2026-09-16,
កញ្ចប់-ឯកសារទី១-ការសិក្សាបំប៉នបន្ថែម-សម្រាប់មុខវិជ្ជាគណិតវិទ្យា-ថ,កញ្ចប់​ឯកសារទី១ ការសិក្សាបំប៉នបន្ថែម សម្រាប់មុខវិជ្ជាគណិតវិទ្យា ថ,2026,2026-09-17,
កញ្ចប់-ឯកសារទី២-ការសិក្សាបំប៉នបន្ថែម-សម្រាប់មុខវិជ្ជាគណិតវិទ្យា-ថ,កញ្ចប់​ឯកសារទី២ ការសិក្សាបំប៉នបន្ថែម សម្រាប់មុខវិជ្ជាគណិតវិទ្យា ថ,2026,2026-09-16,
កញ្ចប់ឯកសារទី៣-ការសិក្សាបំប៉នបន្ថែម-គណិតវិទ្យា-ថ្នាក់ទី២,កញ្ចប់ឯកសារទី៣ ការសិក្សាបំប៉នបន្ថែម (គណិតវិទ្យា ថ្នាក់ទី២),2026,2026-09-17,
កញ្ចប់ឯកសារទី៣-ការសិក្សាបំប៉នបន្ថែម-គណិតវិទ្យា-ថ្នាក់ទី៤,កញ្ចប់ឯកសារទី៣ ការសិក្សាបំប៉នបន្ថែម (គណិតវិទ្យា ថ្នាក់ទី៤),2026,2026-09-17,
កញ្ចប់ឯកសារទី៣-ការសិក្សាបំប៉នបន្ថែម-គណិតវិទ្យា-ថ្នាក់ទី៥,កញ្ចប់ឯកសារទី៣ ការសិក្សាបំប៉នបន្ថែម (គណិតវិទ្យា ថ្នាក់ទី៥),2026,2026-09-17,
កញ្ចប់ឯកសារទី៤-ការសិក្សាបំប៉នបន្ថែម-គណិតវិទ្យា-ថ្នាក់ទី២,កញ្ចប់ឯកសារទី៤ ការសិក្សាបំប៉នបន្ថែម (គណិតវិទ្យា ថ្នាក់ទី២),2026,2026-09-17,
កញ្ចប់ឯកសារទី៤-ការសិក្សាបំប៉នបន្ថែម-គណិតវិទ្យា-ថ្នាក់ទី៣,កញ្ចប់ឯកសារទី៤ ការសិក្សាបំប៉នបន្ថែម (គណិតវិទ្យា ថ្នាក់ទី៣),2026,2026-09-16,
កញ្ចប់ឯកសារទី៤-ការសិក្សាបំប៉នបន្ថែម-គណិតវិទ្យា-ថ្នាក់ទី៤,កញ្ចប់ឯកសារទី៤ ការសិក្សាបំប៉នបន្ថែម (គណិតវិទ្យា ថ្នាក់ទី៤),2026,2026-09-17,
កញ្ចប់ឯកសារទី៤-ការសិក្សាបំប៉នបន្ថែម-គណិតវិទ្យា-ថ្នាក់ទី៥,កញ្ចប់ឯកសារទី៤ ការសិក្សាបំប៉នបន្ថែម (គណិតវិទ្យា ថ្នាក់ទី៥),2026,2026-09-17,
កញ្ចប់ឯកសារទី៥-ការសិក្សាបំប៉នបន្ថែម-គណិតវិទ្យា-ថ្នាក់ទី២,កញ្ចប់ឯកសារទី៥ ការសិក្សាបំប៉នបន្ថែម (គណិតវិទ្យា ថ្នាក់ទី២),2026,2026-09-16,
កញ្ចប់ឯកសារទី៥-ការសិក្សាបំប៉នបន្ថែម-គណិតវិទ្យា-ថ្នាក់ទី៣,កញ្ចប់ឯកសារទី៥ ការសិក្សាបំប៉នបន្ថែម (គណិតវិទ្យា ថ្នាក់ទី៣),2026,2026-09-16,
កញ្ចប់ឯកសារទី៥-ការសិក្សាបំប៉នបន្ថែម-គណិតវិទ្យា-ថ្នាក់ទី៤,កញ្ចប់ឯកសារទី៥ ការសិក្សាបំប៉នបន្ថែម (គណិតវិទ្យា ថ្នាក់ទី៤),2026,2026-09-17,
កញ្ចប់ឯកសារទី៥-ការសិក្សាបំប៉នបន្ថែម-គណិតវិទ្យា-ថ្នាក់ទី៥,កញ្ចប់ឯកសារទី៥ ការសិក្សាបំប៉នបន្ថែម (គណិតវិទ្យា ថ្នាក់ទី៥),2026,2026-09-17,
កញ្ចប់ឯកសារទី៦-ការសិក្សាបំប៉នបន្ថែម-គណិតវិទ្យា-ថ្នាក់ទី៣,កញ្ចប់ឯកសារទី៦ ការសិក្សាបំប៉នបន្ថែម (គណិតវិទ្យា ថ្នាក់ទី៣),2026,2026-09-16,
កំណែ-វិញ្ញាសាប្រឡងមធ្យមសិក្សាទុតិយភូមិ-2023-ដោយ-bacii-maths,កំណែ វិញ្ញាសាប្រឡងមធ្យមសិក្សាទុតិយភូមិ 2023 ដោយ BACII MATHS,2026,2026-09-17,
កំណែគណិតវិទ្យាថ្នាក់ទី៩,កំណែគណិតវិទ្យាថ្នាក់ទី៩,2026,2026-09-16,
កំណែពិជគណិតឆ្នាំទី១,កំណែពិជគណិតឆ្នាំទី១,2026,2026-09-16,
កំណែពិជគណិតឆ្នាំទី២,កំណែពិជគណិតឆ្នាំទី២,2026,2026-09-16,
កំណែលំហាត់-ដេរីវនៃអនុគមន៍អ៊ិចស៉្បូណង់ស្យែល-៣០-លំហាត់,កំណែលំហាត់ ដេរីវនៃអនុគមន៍អ៊ិចស៉្បូណង់ស្យែល ៣០ លំហាត់,2026,2026-09-16,
កំណែលំហាត់គណិតវិទ្យាជ្រើសរើស-ភាគទី០១-ត្រៀមសិស្សពូកែទី១២,កំណែលំហាត់គណិតវិទ្យាជ្រើសរើស ភាគទី០១ (ត្រៀមសិស្សពូកែទី១២ ),2026,2026-09-16,
កំណែលំហាត់គិមីថ្នាក់ទី១០ឆ្នាំ១៩៩៧,កំណែលំហាត់គិមីថ្នាក់ទី១០ឆ្នាំ១៩៩៧,2026,2026-09-16,
កំណែលំហាត់គីមីវិទ្យាថ្នាក់ទី១០-ឆ្នាំ១៩៩៧,កំណែលំហាត់គីមីវិទ្យាថ្នាក់ទី១០ ឆ្នាំ១៩៩៧,2026,2026-09-16,
កំណែលំហាត់គីមីវិទ្យាថ្នាក់ទី12-ឆ្នាំ-1998,កំណែលំហាត់គីមីវិទ្យាថ្នាក់ទី12 ឆ្នាំ 1998,2026,2026-09-17,
កំណែលំហាត់ធរណីមាត្រថ្នាក់ទី៩,កំណែលំហាត់ធរណីមាត្រថ្នាក់ទី៩,2026,2026-09-16,
កំណែអគ្គិសនីថ្នាក់ទិ១២,កំណែអគ្គិសនីថ្នាក់ទិ១២,2026,2026-09-16,
កម្ម-អ្នកសាងលោកពិត,កម្ម អ្នកសាងលោកពិត,2026,2026-09-06,
កម្មន្ត-ថាមពល-និងអានុភាព,កម្មន្ត ថាមពល និងអានុភាព,2026,2026-09-16,
កម្មវិធីនពន្ធ-កម្រិតមូលដ្ឋាន-basic-excel,កម្មវិធីនពន្ធ កម្រិតមូលដ្ឋាន Basic Excel,2026,2026-09-15,
កម្មវិធី-នព្វន្,កម្មវិធី​នព្វន្,2026,2026-09-15,
កម្មវិធី-នព្វន្ត,កម្មវិធី​នព្វន្ត,2026,2026-09-15,
កម្មវិធីពង្រឹងការអប់រំគ្រូបង្រៀននៅកម្ពុជា-stepcam,កម្មវិធីពង្រឹងការអប់រំគ្រូបង្រៀននៅកម្ពុជា STEPCAM,2026,2026-09-16,
កម្មវិធីសិក្សាការអប់រំស្ដីពីការប្រែប្រួលអាកាសធាតុ,កម្មវិធីសិក្សាការអប់រំស្ដីពីការប្រែប្រួលអាកាសធាតុ,2026,2026-09-16,
កម្មវិធីសិក្សាលម្អិត-កុំព្យូទ័រ-បឋមសិក្សា,កម្មវិធីសិក្សាលម្អិត កុំព្យូទ័រ (បឋមសិក្សា),2026,2026-09-15,
កម្មវិធីសិក្សាលម្អិត-គណិតវិទ្យា-បឋមសិក្សា,កម្មវិធីសិក្សាលម្អិត គណិតវិទ្យា (បឋមសិក្សា),2026,2026-09-16,
កម្មវិធីសិក្សាលម្អិត-គីមីវិទ្យា,កម្មវិធីសិក្សាលម្អិត គីមីវិទ្យា,2026,2026-09-17,
កម្មវិធីសិក្សាលម្អិត-គីមីវិទ្យា-កម្រិតមធ្យមសិក្សាបឋមភូមិ,កម្មវិធីសិក្សាលម្អិត គីមីវិទ្យា កម្រិតមធ្យមសិក្សាបឋមភូមិ,2026,2026-09-16,
កម្មវិធីសិក្សាលម្អិត-គីមីវិទ្យា-សម្រាប់-កម្រិតមធ្យមសិក្សាបឋមភូមិ,កម្មវិធីសិក្សាលម្អិត គីមីវិទ្យា សម្រាប់ កម្រិតមធ្យមសិក្សាបឋមភូមិ,2026,2026-09-17,
កម្មវិធីសិក្សាលម្អិត-ជីវវិទ្យា-កម្រិតមធ្យមសិក្សាបឋមភូមិ,កម្មវិធីសិក្សាលម្អិត ជីវវិទ្យា កម្រិតមធ្យមសិក្សាបឋមភូមិ,2026,2026-09-16,
កម្មវិធីសិក្សាលម្អិត-ជីវវិទ្យា-បណ្ដុំវិទ្យាសាស្ត្រ-សម្រាប់-កម្រិត,កម្មវិធីសិក្សាលម្អិត ជីវវិទ្យា បណ្ដុំវិទ្យាសាស្ត្រ សម្រាប់ កម្រិត,2026,2026-09-17,
កម្មវិធីសិក្សាលម្អិត-ជីវវិទ្យា-សម្រាប់-កម្រិតមធ្យមសិក្សាបឋមភូមិ,កម្មវិធីសិក្សាលម្អិត ជីវវិទ្យា សម្រាប់ កម្រិតមធ្យមសិក្សាបឋមភូមិ,2026,2026-09-17,
កម្មវិធីសិក្សាលម្អិត-បច្ចេកវិទ្យាព័ត៌មាន-និង-សារគមនាគមន៍-សម្រាប់ថ,កម្មវិធីសិក្សាលម្អិត បច្ចេកវិទ្យាព័ត៌មាន និង សារគមនាគមន៍ សម្រាប់ថ,2026,2026-09-15,
កម្មវិធីសិក្សាលម្អិត-ផែនដីបរិស្ថានវិទ្យា-កម្រិតមធ្យមសិក្សាបឋមភូមិ,កម្មវិធីសិក្សាលម្អិត ផែនដីបរិស្ថានវិទ្យា កម្រិតមធ្យមសិក្សាបឋមភូមិ,2026,2026-09-16,
កម្មវិធីសិក្សាលម្អិត-មុខវិជ្ជា-កុំព្យូទ័រ-សម្រាប់-កម្រិតបឋមសិក្សា,កម្មវិធីសិក្សាលម្អិត មុខវិជ្ជា កុំព្យូទ័រ សម្រាប់ កម្រិតបឋមសិក្សា,2026,2026-09-15,
កម្មវិធីសិក្សាលម្អិត-មុខវិជ្ជា-កុំព្យូទ័រ-សម្រាប់កម្រិតបឋមសិក្សា,កម្មវិធីសិក្សាលម្អិត មុខវិជ្ជា កុំព្យូទ័រ សម្រាប់កម្រិតបឋមសិក្សា,2026,2026-09-15,
កម្មវិធីសិក្សាលម្អិត-មុខវិជ្ជា-បច្ចេកវិទ្យាគមនាគមន៍និងព័ត៌មាន-សម្,កម្មវិធីសិក្សាលម្អិត មុខវិជ្ជា បច្ចេកវិទ្យាគមនាគមន៍និងព័ត៌មាន សម្,2026,2026-09-15,
កម្មវិធីសិក្សាលម្អិត-មុខវិជ្ជា-បច្ចេកវិទ្យាព័ត៌មាន-និងសារគមនាគមន៍,កម្មវិធីសិក្សាលម្អិត មុខវិជ្ជា បច្ចេកវិទ្យាព័ត៌មាន និងសារគមនាគមន៍,2026,2026-09-15,
កម្មវិធីសិក្សាលម្អិត-មុខវិជ្ជា-បច្ចេកវិទ្យាព័ត៌មាននិងសារគមនាគមន៍,កម្មវិធីសិក្សាលម្អិត មុខវិជ្ជា បច្ចេកវិទ្យាព័ត៌មាននិងសារគមនាគមន៍,2026,2026-09-15,
កម្មវិធីសិក្សាលម្អិត-រូបវិទ្យា-កម្រិតមធ្យមសិក្សាបឋមភូមិ,កម្មវិធីសិក្សាលម្អិត រូបវិទ្យា កម្រិតមធ្យមសិក្សាបឋមភូមិ,2026,2026-09-16,
កម្មវិធីសិក្សាលម្អិត-រូបវិទ្យា-បណ្ដុំវិទ្យាសាស្ត្រ-សម្រាប់-កម្រិត,កម្មវិធីសិក្សាលម្អិត រូបវិទ្យា បណ្ដុំវិទ្យាសាស្ត្រ សម្រាប់ កម្រិត,2026,2026-09-16,
កម្មវិធីសិក្សាលម្អិត-រូបវិទ្យា-សម្រាប់-កម្រិតមធ្យមសិក្សាបឋមឋភូមិ,កម្មវិធីសិក្សាលម្អិត រូបវិទ្យា សម្រាប់ កម្រិតមធ្យមសិក្សាបឋមឋភូមិ,2026,2026-09-17,
កម្មវិធីសិក្សាលម្អិត-វិទ្យាសាស្រ្ត-បឋមសិក្សា,កម្មវិធីសិក្សាលម្អិត វិទ្យាសាស្រ្ត (បឋមសិក្សា),2026,2026-09-16,
កម្មវិធីសិក្សាលម្អិត-គណិត,កម្មវិធីសិក្សាលម្អិត_គណិត,2026,2026-09-16,
កម្មវិធីសិក្សាលម្អិត-វិទ្យាសាស្រ្ត,កម្មវិធីសិក្សាលម្អិត_វិទ្យាសាស្រ្ត.,2026,2026-09-16,
កម្មវិធីសិក្សាលម្អិតគណិតវិទ្យា-កម្រិតមធ្យមសិក្សាបឋមភូមិ,កម្មវិធីសិក្សាលម្អិតគណិតវិទ្យា កម្រិតមធ្យមសិក្សាបឋមភូមិ,2026,2026-09-16,
កម្មវិធីសិក្សាលម្អិតគណិតវិទ្យា-បណ្ដុំវិទ្យាសាស្រ្ត-កម្រិតមធ្យមសិក,កម្មវិធីសិក្សាលម្អិតគណិតវិទ្យា បណ្ដុំវិទ្យាសាស្រ្ត កម្រិតមធ្យមសិក,2026,2026-09-17,
កម្មវិធីសិក្សាលម្អិតបច្ចេវិទ្យាព័ត៌មានវិទ្យា-និងសារគមនាគមន៍ថ្នាល់,កម្មវិធីសិក្សាលម្អិតបច្ចេវិទ្យាព័ត៌មានវិទ្យា និងសារគមនាគមន៍ថ្នាល់,2026,2026-09-15,
កម្មវិធីសិក្សាលំអិតគណិត១០-១១-១២,"កម្មវិធីសិក្សាលំអិតគណិត១០,១១,១២",2026,2026-09-16,
កម្មវិធី-អប់រំ-ពី-ចម្ងាយ-វិទ្យាសាស្ត្រ-រូបវិទ្យា-ថ្នាក់-ទី៧,កម្មវិធី​អប់រំ​ពី​ចម្ងាយ​វិទ្យាសាស្ត្រ​​​រូបវិទ្យា ​ថ្នាក់​ទី៧,2026,2026-09-17,
កម្រងកិច្ចការផ្ទះគណិតវិទ្យា-ថ្នាក់ទី១-ឆ្នាំ២០២១-សៀវភៅសិក្សាគោល,កម្រងកិច្ចការផ្ទះគណិតវិទ្យា ថ្នាក់ទី១ ឆ្នាំ២០២១ (សៀវភៅសិក្សាគោល),2026,2026-09-17,
កម្រងកិច្ចការផ្ទះគណិតវិទ្យា-ថ្នាក់ទី២-ឆ្នាំ២០២១-សៀវភៅសិក្សាគោល,កម្រងកិច្ចការផ្ទះគណិតវិទ្យា ថ្នាក់ទី២ ឆ្នាំ២០២១ (សៀវភៅសិក្សាគោល),2026,2026-09-17,
កម្រងកិច្ចការផ្ទះគណិតវិទ្យា-ថ្នាក់ទី៣-ឆ្នាំ២០២១-សៀវភៅសិក្សាគោល,កម្រងកិច្ចការផ្ទះគណិតវិទ្យា ថ្នាក់ទី៣ ឆ្នាំ២០២១ (សៀវភៅសិក្សាគោល),2026,2026-09-16,
កម្រងកិច្ចការផ្ទះគណិតវិទ្យា-ថ្នាក់ទី៤-ឆ្នាំ២០២១-សៀវភៅសិក្សាគោល,កម្រងកិច្ចការផ្ទះគណិតវិទ្យា ថ្នាក់ទី៤ ឆ្នាំ២០២១ (សៀវភៅសិក្សាគោល),2026,2026-09-17,
កម្រងកិច្ចការផ្ទះគណិតវិទ្យាថ្នាក់ទី៦,កម្រងកិច្ចការផ្ទះគណិតវិទ្យាថ្នាក់ទី៦,2026,2026-09-16,
កម្រងកិច្ចការផ្ទះភាសាខ្មែរ-គណិតវិទ្យា-ថ្នាក់ទី៣,កម្រងកិច្ចការផ្ទះភាសាខ្មែរ គណិតវិទ្យា ថ្នាក់ទី៣,2026,2026-09-16,
កម្រងគ្រប់វិញ្ញាសាគណិតវិទ្យាថ្នាក់ទី៩,កម្រងគ្រប់វិញ្ញាសាគណិតវិទ្យាថ្នាក់ទី៩,2026,2026-09-16,
កម្រងពន្យល់ពាក្យ-ជីវវិទ្យា-ថ្នាក់ទី១២,កម្រងពន្យល់ពាក្យ ជីវវិទ្យា ថ្នាក់ទី១២,2026,2026-09-16,
កម្រងលំហាត់-ទ្រឹស្ដីរង្វាស់-អមដោយដំណោះស្រាយ,កម្រងលំហាត់ ទ្រឹស្ដីរង្វាស់ អមដោយដំណោះស្រាយ,2026,2026-09-16,
កម្រងលំហាត់គណិតវិទ្យាជ្រើសរើសថ្នាក់ទី១២,កម្រងលំហាត់គណិតវិទ្យាជ្រើសរើសថ្នាក់ទី១២,2026,2026-09-16,
កម្រងលំហាត់ចំនួនកុំផ្លិច១២៨លំហាត់,កម្រងលំហាត់ចំនួនកុំផ្លិច១២៨លំហាត់,2026,2026-09-16,
កម្រងលំហាត់និងដំណោះស្រាយប្រូបាប,កម្រងលំហាត់និងដំណោះស្រាយប្រូបាប,2026,2026-09-17,
កម្រងលំហាត់រូបវិទ្យាសម្រាប់ថ្នាក់ទី១២,កម្រងលំហាត់រូបវិទ្យាសម្រាប់ថ្នាក់ទី១២,2026,2026-09-16,
កម្រងលំហាត់សិស្សពូកែថ្នាក់ទី៩,កម្រងលំហាត់សិស្សពូកែថ្នាក់ទី៩,2026,2026-09-16,
កម្រងវិញ្ញសាវិទ្យាសាស្រ្ដ,កម្រងវិញ្ញសាវិទ្យាសាស្រ្ដ,2026,2026-09-15,
កម្រងវិញ្ញាសា-និងអត្រាកំណែ-ជីវវិទ្យា-ថ្នាក់ទី១២,កម្រងវិញ្ញាសា និងអត្រាកំណែ ជីវវិទ្យា ថ្នាក់ទី១២,2026,2026-09-17,
កម្រងវិញ្ញាសា-ប្រលងសិស្សពូកែគណិតវិទ្យាថ្នាក់ទី១២,កម្រងវិញ្ញាសា ប្រលងសិស្សពូកែគណិតវិទ្យាថ្នាក់ទី១២,2026,2026-09-16,
កម្រងវិញ្ញាសា-ប្រឡងជ្រើសរើសសិស្សពូកែទូទាំងប្រទេស-គណិតវិទ្យា-ថ្នាក,កម្រងវិញ្ញាសា ប្រឡងជ្រើសរើសសិស្សពូកែទូទាំងប្រទេស គណិតវិទ្យា ថ្នាក,2026,2026-09-16,
កម្រងវិញ្ញាសាគណិតវិទ្យា,កម្រងវិញ្ញាសាគណិតវិទ្យា,2026,2026-09-16,
កម្រងវិញ្ញាសាគណិតវិទ្យាថ្នាក់ទី៩,កម្រងវិញ្ញាសាគណិតវិទ្យាថ្នាក់ទី៩,2026,2026-09-16,
កម្រងវិញ្ញាសាប្រឡងសញ្ញាបត្រមធ្យមសិក្សាទុតិយភូមិ-ថ្នាក់វិទ្យាសាស្រ,កម្រងវិញ្ញាសាប្រឡងសញ្ញាបត្រមធ្យមសិក្សាទុតិយភូមិ ថ្នាក់វិទ្យាសាស្រ,2026,2026-09-16,
កម្រងវិញ្ញាសាប្រឡងសញ្ញាបត្រមធ្យមសិក្សាទុតិយភូមិ-ថ្នាក់វិទ្យាសាស្ដ,កម្រងវិញ្ញាសាប្រឡងសញ្ញាបត្រមធ្យមសិក្សាទុតិយភូមិ(ថ្នាក់វិទ្យាសាស្ដ,2026,2026-09-16,
កម្រងវិញ្ញាសាផែនដី-និងបរិស្ថានវិទ្យា-ថ្នាក់ទី១២,កម្រងវិញ្ញាសាផែនដី និងបរិស្ថានវិទ្យា ថ្នាក់ទី១២,2026,2026-09-16,
កម្រងវិញ្ញាសារ-ជីវវិទ្យា-ថ្នាក់ទី១២,កម្រងវិញ្ញាសារ ជីវវិទ្យា ថ្នាក់ទី១២,2026,2026-09-16,
កម្រងវិញ្ញាសារូបវិទ្យា,កម្រងវិញ្ញាសារូបវិទ្យា,2026,2026-09-16,
កម្រងសំណួរ-ចម្លើយរូបវិទ្យា-ត្រៀមប្រឡងបាក់ឌុប,កម្រងសំណួរ-ចម្លើយរូបវិទ្យា ត្រៀមប្រឡងបាក់ឌុប,2026,2026-09-16,
កសិកម្មនិរន្តន៍ភាព,កសិកម្មនិរន្តន៍ភាព,2026,2026-09-16,
កាតសម្រាប់ការសរសេរកូដ-scratch,កាតសម្រាប់ការសរសេរកូដ Scratch,2026,2026-09-15,
ការកំណត់ទីតាំងសាលារៀនតាមរយៈកម្មវិធីទូរសព្ទដៃ,ការកំណត់ទីតាំងសាលារៀនតាមរយៈកម្មវិធីទូរសព្ទដៃ,2026,2026-09-15,
ការគិតដោយប្រើក្បួនគណនា-និងដោះស្រាយបញ្ហា,ការគិតដោយប្រើក្បួនគណនា និងដោះស្រាយបញ្ហា,2026,2026-09-15,
ការគិតស៊ីជម្រៅ,ការគិតស៊ីជម្រៅ.,2026,2026-09-15,
ការគ្រប់គ្រងប្រព័ន្ធព័ត៌មាន-management-information-system,ការគ្រប់គ្រងប្រព័ន្ធព័ត៌មាន - Management Information System,2026,2026-09-16,
ការចិញ្ចឹមបីបាច់កុមារតូច-រូបភាពសន្លឹកផ្ទាត់,ការចិញ្ចឹមបីបាច់កុមារតូច រូបភាពសន្លឹកផ្ទាត់,2026,2026-09-16,
ការចិញ្ចឹម-មាន់,ការចិញ្ចឹម​មាន់,2026,2026-09-17,
ការ-ចិញ្ចឹម-មាន់-គ្រប់គ្រង-មេ-និង-កូន-មាន់-នៅ-ជនបទ,ការ​ចិញ្ចឹម​មាន់ គ្រប់គ្រង​មេ និង​កូន​មាន់​នៅ​ជនបទ,2026,2026-09-17,
ការដាំដុះដំណាំ-អំពៅ,ការដាំដុះដំណាំ​អំពៅ,2026,2026-09-17,
ការដាំធុរេន,ការដាំធុរេន,2026,2026-09-17,
ការណែនាំពីការប្រើប្រាស់បញ្ញាសិប្បនិមិ្មត-ai-ជំនួយដល់ការរៀន-និងប,ការណែនាំពីការប្រើប្រាស់បញ្ញាសិប្បនិមិ្មត (AI) ជំនួយដល់ការរៀន និងប,2026,2026-09-15,
ការត្រួតពិនិត្យផលិតផលថ្នាំជក់,ការត្រួតពិនិត្យផលិតផលថ្នាំជក់,2026,2026-09-16,
ការ-ថែទាំង-និង-ជួសជុល-កុំព្យូទ័រ-ប្រភេទ-thin-client,ការ​ថែទាំង និង​ជួសជុល​កុំព្យូទ័រ​ប្រភេទ Thin-Client,2026,2026-09-15,
ការថែទាំសុខភាព,ការថែទាំសុខភាព,2026,2026-09-16,
ការ-ថែរក្សា-បន្ទប់-រៀន-កុំព្យូទ័រ,ការ​ថែរក្សា​បន្ទប់​រៀន​​កុំព្យូទ័រ​,2026,2026-09-15,
ការធ្វើដ៏មានគុណភាពល្អពីស្លឹកឈើក្រៀមស្ងួត,ការធ្វើដ៏មានគុណភាពល្អពីស្លឹកឈើក្រៀមស្ងួត,2026,2026-09-16,
ការបង្កាត់ពូជបម្លែងសែន,ការបង្កាត់ពូជបម្លែងសែន,2026,2026-09-16,
ការបង្កើតរូបពីខ្សាច់-និងការលេងខ្សាច់,ការបង្កើតរូបពីខ្សាច់ និងការលេងខ្សាច់,2026,2026-09-16,
ការបង្កើតរូបរាងជាមួយដុំឈើ,ការបង្កើតរូបរាងជាមួយដុំឈើ,2026,2026-09-16,
ការបង្រៀន-និងរៀនតាមប្រព័ន្ធអេឡិចត្រូនិក,ការបង្រៀន និងរៀនតាមប្រព័ន្ធអេឡិចត្រូនិក,2026,2026-09-15,
ការ-បណ្ដុះ-សណ្ដែកសៀង,ការ​បណ្ដុះ​សណ្ដែកសៀង,2026,2026-09-16,
ការប្រកួតប្រជែងបច្ចេកវិទ្យា-និងសហគ្រិនភាព-technovation-girls-camb,ការប្រកួតប្រជែងបច្ចេកវិទ្យា និងសហគ្រិនភាព Technovation Girls Camb,2026,2026-09-15,
ការប្រើបច្ចេកវិទ្យា-នៅក្នុងការបង្រៀន-និងរៀន,ការប្រើបច្ចេកវិទ្យា នៅក្នុងការបង្រៀន និងរៀន,2026,2026-09-15,
ការប្រើប្រាស់-ai-ដើម្បីបង្កើតមាតិកាសម្រាប់រៀន-និងបង្រៀន,ការប្រើប្រាស់ AI ដើម្បីបង្កើតមាតិកាសម្រាប់រៀន និងបង្រៀន,2026,2026-09-15,
ការប្រើប្រាស់-canva,ការប្រើប្រាស់ Canva,2026,2026-09-15,
ការប្រើប្រាស់-canva-1,ការប្រើប្រាស់ CANVA,2026,2026-09-15,
ការប្រើប្រាស់-canva-សម្រាប់រចនា,ការប្រើប្រាស់ Canva សម្រាប់រចនា,2026,2026-09-15,
ការប្រើប្រាស់-data-vilidation-ក្នុង-excel,ការប្រើប្រាស់ Data Vilidation ក្នុង Excel,2026,2026-09-15,
ការប្រើប្រាស់-google-slides,ការប្រើប្រាស់ Google Slides,2026,2026-09-15,
ការប្រើប្រាស់-moeys-edtech-app-សម្រាប់សិស្ស,ការប្រើប្រាស់ MoEYS Edtech App សម្រាប់សិស្ស,2026,2026-09-15,
ការប្រើប្រាស់-និងការ-កំណត់រចនាសម្ព័ន្ធមេខលា,ការប្រើប្រាស់ និងការ កំណត់រចនាសម្ព័ន្ធមេខលា,2026,2026-09-15,
ការប្រើប្រាស់កុំព្យូទ័រ,ការប្រើប្រាស់កុំព្យូទ័រ,2026,2026-09-15,
ការប្រើប្រាស់បច្ចេកវិទ្យាឌីជីថលជំនួយវិធីសាស្រ្តបង្រៀនបែបថ្មី-code,ការប្រើប្រាស់បច្ចេកវិទ្យាឌីជីថលជំនួយវិធីសាស្រ្តបង្រៀនបែបថ្មី Code,2026,2026-09-15,
ការប្រើប្រាស់បច្ចេកវិទ្យាឌីជីថលជំនួយវិធីសាស្រ្តបង្រៀនបែបថ្មី-near,ការប្រើប្រាស់បច្ចេកវិទ្យាឌីជីថលជំនួយវិធីសាស្រ្តបង្រៀនបែបថ្មី Near,2026,2026-09-15,
ការប្រើប្រាស់បញ្ញាសិប្បនិម្មិតក្នុងវិស័យអប់រំ,ការប្រើប្រាស់បញ្ញាសិប្បនិម្មិតក្នុងវិស័យអប់រំ,2026,2026-09-15,
ការផលិតប្រេងកូឡាបណ្តេញមូសតាមបែបធម្មជាតិ,ការផលិតប្រេងកូឡាបណ្តេញមូសតាមបែបធម្មជាតិ,2026,2026-09-16,
ការផលិតសម្ភារ,ការផលិតសម្ភារ,2026,2026-09-16,
ការផលិតសម្ភារៈពិសោធ-និងវិធីសាស្ត្របង្រៀនពិសោធ-គីមីវិទ្យា,ការផលិតសម្ភារៈពិសោធ និងវិធីសាស្ត្របង្រៀនពិសោធ «គីមីវិទ្យា»,2026,2026-09-16,
ការផលិតសម្ភារៈពិសោធ-និងវិធីសាស្ត្របង្រៀនពិសោធ-ជីវវិទ្យា,ការផលិតសម្ភារៈពិសោធ និងវិធីសាស្ត្របង្រៀនពិសោធ «ជីវវិទ្យា»,2026,2026-09-16,
ការផលិតសម្ភារៈពិសោធ-និងវិធីសាស្ត្របង្រៀនពិសោធ-ផែនដីវិទ្យា,ការផលិតសម្ភារៈពិសោធ និងវិធីសាស្ត្របង្រៀនពិសោធ «ផែនដីវិទ្យា»,2026,2026-09-16,
ការផលិតសម្ភារៈពិសោធ-និងវិធីសាស្ត្របង្រៀនពិសោធ-រូបវិទ្យា,ការផលិតសម្ភារៈពិសោធ និងវិធីសាស្ត្របង្រៀនពិសោធ «រូបវិទ្យា»,2026,2026-09-16,
ការផលិតសម្ភារៈពិសោធ-និងវិធីសាស្ត្របង្រៀនពិសោធ-មុខវិជ្ជាគីមីវិទ្យា,ការផលិតសម្ភារៈពិសោធ និងវិធីសាស្ត្របង្រៀនពិសោធ មុខវិជ្ជាគីមីវិទ្យា,2026,2026-09-17,
ការផលិតសម្ភារៈពិសោធ-និងវិធីសាស្ត្របង្រៀនពិសោធ-មុខវិទ្យាជីវវិទ្យា,ការផលិតសម្ភារៈពិសោធ និងវិធីសាស្ត្របង្រៀនពិសោធ មុខវិទ្យាជីវវិទ្យា,2026,2026-09-17,
ការយល់ដឹងពីបរិស្ថាន,ការយល់ដឹងពីបរិស្ថាន,2026,2026-09-16,
ការលើកកម្ពស់សុខភាពសិក្សា,ការលើកកម្ពស់សុខភាពសិក្សា,2026,2026-09-16,
ការសង្កេតធម្មជាតិក្នុងទីធ្លាសាលា,ការសង្កេតធម្មជាតិក្នុងទីធ្លាសាលា,2026,2026-09-16,
ការសង្គ្រោះផ្លូវចិត្តបឋម,ការសង្គ្រោះផ្លូវចិត្តបឋម,2026,2026-09-16,
ការសរសេរកម្មវិធីកុំព្យូទ័រ-ភាគ១,ការសរសេរកម្មវិធីកុំព្យូទ័រ ភាគ១,2026,2026-09-15,
ការសរសេរកម្មវិធីកុំព្យូទ័រ-ភាគ២,ការសរសេរកម្មវិធីកុំព្យូទ័រ ភាគ២,2026,2026-09-15,
ការសរសេរកម្មវិធីកុំព្យូទ័រ-ភាសc,ការសរសេរកម្មវិធីកុំព្យូទ័រ ភាសC,2026,2026-09-15,
ការសាងសង់-និងគណនាសំណង់ឈើ,ការសាងសង់ និងគណនាសំណង់ឈើ,2026,2026-09-15,
ការ-សិក្សា-អំពី-វែប-២-០-web-2-0,ការ​​​​​​សិក្សា​អំពី វែប ២.០ (Web 2.0),2026,2026-09-15,
ការ-ស្វែង-រក-ព័ត៌មាន-លើ-អ៊ីនធឺណិត,ការ​ស្វែង​រក​ព័ត៌មាន​លើ​អ៊ីនធឺណិត,2026,2026-09-15,
ការអនុវត្តកម្មវិធី-game-changers-coalition-2023,ការអនុវត្តកម្មវិធី GAME CHANGERS COALITION 2023,2026,2026-09-15,
ការអនុវត្តវិធីបង្រៀន-តាមទ្រឹស្តីប្អូម-និងវិធីបង្រៀនតាមការ-បញ្ញាបក,ការអនុវត្តវិធីបង្រៀន តាមទ្រឹស្តីប្អូម និងវិធីបង្រៀនតាមការ បញ្ញាបក,2026,2026-09-16,
ការអនុវត្តវិធីសាស្ត្របង្រៀន-តាមទ្រឹស្តីអប់រំបែបស្ថាបនានិយម-លើមុខវ,ការអនុវត្តវិធីសាស្ត្របង្រៀន តាមទ្រឹស្តីអប់រំបែបស្ថាបនានិយម លើមុខវិជ្ជាជីវវិទ្យា,2026,2026-09-17,
ការអនុវត្តវិធីសាស្ត្របង្រៀន-តាមទ្រឹស្តីអប់រំបែបស្ថាបនានិយម-លើមុខវ-2,ការអនុវត្តវិធីសាស្ត្របង្រៀន តាមទ្រឹស្តីអប់រំបែបស្ថាបនានិយម លើមុខវិជ្ជាជីវវិទ្យា,2026,2026-09-17,
ការអនុវត្តវិធីសាស្ត្របង្រៀន-តាមទ្រឹស្តីអប់រំបែបស្ថាបនានិយម-លើមុខវ-1,ការអនុវត្តវិធីសាស្ត្របង្រៀន តាមទ្រឹស្តីអប់រំបែបស្ថាបនានិយម លើមុខវិទ្យាជីវវិទ្យា,2026,2026-09-17,
ការអនុវត្តវិធីសាស្ត្របង្រៀន-តាមបែបដោះស្រាយបញ្ហា-និងវិធីបង្រៀនតាមប,ការអនុវត្តវិធីសាស្ត្របង្រៀន តាមបែបដោះស្រាយបញ្ហា និងវិធីបង្រៀនតាមប,2026,2026-09-16,
ការអនុវត្តវិធីសាស្ត្របង្រៀន-តាមបែបដោះស្រាយបញ្ហា-និងវិធីបង្រៀនតាមប-1,ការអនុវត្តវិធីសាស្ត្របង្រៀន តាមបែបដោះស្រាយបញ្ហា និងវិធីបង្រៀនតាមប,2026,2026-09-17,
ការអនុវត្តវិធីសាស្ត្របង្រៀន-តាមបែបប្លូមតាកសូណូមី-និងវិធីបង្រៀនតាម,ការអនុវត្តវិធីសាស្ត្របង្រៀន តាមបែបប្លូមតាកសូណូមី និងវិធីបង្រៀនតាម,2026,2026-09-17,
ការអនុវត្តវិធីសាស្ត្របង្រៀន-តាមបែបប្លូមតាកសូណូមី-និងវិធីបង្រៀនតាម-1,ការអនុវត្តវិធីសាស្ត្របង្រៀន តាមបែបប្លូមតាកសូណូមី និងវិធីបង្រៀនតាម,2026,2026-09-17,
ការអនុវត្តវិធីសាស្ត្របង្រៀន-តាមបែបវិធីវិទ្យាសាស្ត្រ-និងវិធីបង្រៀន,ការអនុវត្តវិធីសាស្ត្របង្រៀន តាមបែបវិធីវិទ្យាសាស្ត្រ និងវិធីបង្រៀន,2026,2026-09-17,
ការអនុវត្តវិធីសាស្ត្របង្រៀន-វិធីវិទ្យាសាស្ត្រ-និងវិធីបង្រៀន-តាមបែ-1,ការអនុវត្តវិធីសាស្ត្របង្រៀន វិធីវិទ្យាសាស្ត្រ និងវិធីបង្រៀន តាមបែ,2026,2026-09-17,
ការអនុវត្តវិធីសាស្ត្របង្រៀន-វិធីវិទ្យាសាស្ត្រ-និងវិធីបង្រៀន-តាមបែ,ការអនុវត្តវិធីសាស្ត្របង្រៀន វិធីវិទ្យាសាស្ត្រ និងវិធីបង្រៀន តាមបែ,2026,2026-09-17,
ការអនុវត្តវិធីសាស្ត្របង្រៀនតាមទ្រឹស្ដីអប់រំបែបស្ថាបនានិយមលើមុខវិជ,ការអនុវត្តវិធីសាស្ត្របង្រៀនតាមទ្រឹស្ដីអប់រំបែបស្ថាបនានិយមលើមុខវិជ,2026,2026-09-17,
ការអនុវត្តវិធីសាស្រ្តបង្រៀនតាមបែបវិធីវិទ្យាសាស្រ្ត-និងវិធីបង្រៀនត,ការអនុវត្តវិធីសាស្រ្តបង្រៀនតាមបែបវិធីវិទ្យាសាស្រ្ត និងវិធីបង្រៀនត,2026,2026-09-16,
ការអប់រំឌីជីថល-បរិវត្តកម្មឌីជីថលនៅក្នុងអេកូស៊ីស្តែមនៃការអប់រំ,ការអប់រំឌីជីថល ៖ បរិវត្តកម្មឌីជីថលនៅក្នុងអេកូស៊ីស្តែមនៃការអប់រំ,2026,2026-09-15,
ការអប់រំបំណិនជីវិតស្ដីពី-សុខភាពបន្តពូជ-និងសុខភាពផ្លូវភេទ,ការអប់រំបំណិនជីវិតស្ដីពី៖ សុខភាពបន្តពូជ និងសុខភាពផ្លូវភេទ,2026,2026-09-16,
ការអប់រំបែបឌីជីថល,ការអប់រំបែបឌីជីថល,2026,2026-09-15,
ការអប់រំបែបស្ទែម,ការអប់រំបែបស្ទែម,2026,2026-09-15,
ការអប់រំព័ត៌មានវិទ្យា,ការអប់រំព័ត៌មានវិទ្យា,2026,2026-09-06,
ការ-អភិវឌ្ឍ-របស់-កុមារ,ការ​អភិវឌ្ឍ​របស់​កុមារ,2026,2026-09-17,
កាលប្រវត្តិគណិតវិទ្យា-ភាគទី១,កាលប្រវត្តិគណិតវិទ្យា ភាគទី១,2026,2026-09-16,
កិច្ចការផ្ទះ-គណិតវិទ្យា-ថ្នាក់ទី៩,កិច្ចការផ្ទះ គណិតវិទ្យា ថ្នាក់ទី៩,2026,2026-09-16,
កិច្ចការផ្ទះ-ចំនួនកុំផ្លិច,កិច្ចការផ្ទះ ចំនួនកុំផ្លិច,2026,2026-09-16,
កិច្ចការផ្ទះ-ជីវវិទ្យាថ្នាក់ទី៩,កិច្ចការផ្ទះ ជីវវិទ្យាថ្នាក់ទី៩,2026,2026-09-16,
កិច្ចការផ្ទះគណិតវិទ្យាថ្នាក់ទី១០-ប្រព័ន្ធសមីការ-និង-សមីការដឺក្រេល,កិច្ចការផ្ទះគណិតវិទ្យាថ្នាក់ទី១០ ប្រព័ន្ធសមីការ និង សមីការដឺក្រេល,2026,2026-09-16,
កិច្ចការស្រាវជ្រាវគណិតវិទ្យា,កិច្ចការស្រាវជ្រាវគណិតវិទ្យា,2026,2026-09-16,
កិច្ចតែងការបង្រៀន,កិច្ចតែងការបង្រៀន,2026,2026-09-17,
កិច្ចតែងការបង្រៀន-គីមីវិទ្យា-ថ្នាក់ទី៨,កិច្ចតែងការបង្រៀន គីមីវិទ្យា ថ្នាក់ទី៨,2026,2026-09-16,
កិច្ចតែងការបង្រៀន-គីមីវិទ្យា-ថ្នាក់ទី៩,កិច្ចតែងការបង្រៀន គីមីវិទ្យា ថ្នាក់ទី៩,2026,2026-09-16,
កិច្ច-តែងការបង្រៀន-ជីវវិទ្យា-ថ្នាក់ទី១០,កិច្ច​តែងការបង្រៀន ជីវវិទ្យា ថ្នាក់ទី១០,2026,2026-09-16,
កិច្ច-តែងការបង្រៀន-ជីវវិទ្យា-ថ្នាក់ទី១១,កិច្ច​តែងការបង្រៀន ជីវវិទ្យា ថ្នាក់ទី១១,2026,2026-09-16,
កិច្ចតែងការបង្រៀន-ជីវវិទ្យា-ថ្នាក់ទី១១-អំពី-ការបន្តពូជ-និងកាលូតលា,កិច្ចតែងការបង្រៀន ជីវវិទ្យា ថ្នាក់ទី១១ អំពី​ការបន្តពូជ និងកាលូតលា,2026,2026-09-17,
កិច្ចតែងការបង្រៀន-រូបវិទ្យាថ្នាក់ទី១២,កិច្ចតែងការបង្រៀន រូបវិទ្យាថ្នាក់ទី១២,2026,2026-09-16,
កិច្ចតែងការបង្រៀន-វិទ្យាសាស្ត្រអនុវត្ត-ថ្នាក់ទី៤,កិច្ចតែងការបង្រៀន វិទ្យាសាស្ត្រអនុវត្ត ថ្នាក់ទី៤,2026,2026-09-16,
កិច្ចតែងការបង្រៀនគណិតវិទ្យា,កិច្ចតែងការបង្រៀនគណិតវិទ្យា,2026,2026-09-16,
កិច្ចតែងការបង្រៀនគណិតវិទ្យា-ថ្នាក់ទី១,កិច្ចតែងការបង្រៀនគណិតវិទ្យា ថ្នាក់ទី១,2026,2026-09-16,
កិច្ចតែងការ-បង្រៀនគីមីវិទ្យា-ថ្នាក់ទី១១,កិច្ចតែងការ​បង្រៀនគីមីវិទ្យា ថ្នាក់ទី១១,2026,2026-09-16,
កិច្ចតែងការបង្រៀនមេរៀនទី៤-memory-សតិ,កិច្ចតែងការបង្រៀនមេរៀនទី៤ Memory (សតិ),2026,2026-09-15,
កិច្ចតែងការបង្រៀនរូបវិទ្យាថ្នាក់ទី១១,កិច្ចតែងការបង្រៀនរូបវិទ្យាថ្នាក់ទី១១,2026,2026-09-16,
កិច្ចតែងការបង្រៀនរូបវិទ្យាថ្នាក់ទី៨,កិច្ចតែងការបង្រៀនរូបវិទ្យាថ្នាក់ទី៨,2026,2026-09-16,
កិច្ចតែងការវិទ្យាសាស្ត្រ-ថ្នាក់ទី៥,កិច្ចតែងការវិទ្យាសាស្ត្រ ថ្នាក់ទី៥,2026,2026-09-16,
កិច្ចតែងការវិទ្យាសាស្ត្រ-ថ្នាក់ទី៦,កិច្ចតែងការវិទ្យាសាស្ត្រ ថ្នាក់ទី៦,2026,2026-09-16,
កុំព្យូទ័រចាំបាច់,កុំព្យូទ័រចាំបាច់,2026,2026-09-15,
កោនិច,កោនិច,2026,2026-09-16,
កៅស៊ូក្នុងនាមទំនិញសេដ្ឋកិច្ច,កៅស៊ូក្នុងនាមទំនិញសេដ្ឋកិច្ច,2026,2026-09-15,
ក្របខណ្ឌកម្មវិធីសិក្សា-ថ្នាក់បរិញ្ញាបត្រអប់រំ-ជំនាញ-គីមី,ក្របខណ្ឌកម្មវិធីសិក្សា ថ្នាក់បរិញ្ញាបត្រអប់រំ ជំនាញ គីមី,2026,2026-09-17,
ក្របខណ្ឌកម្មវិធីសិក្សា-ថ្នាក់បរិញ្ញាបត្រអប់រំ-ជំនាញគណិតវិទ្យា,ក្របខណ្ឌកម្មវិធីសិក្សា ថ្នាក់បរិញ្ញាបត្រអប់រំ ជំនាញគណិតវិទ្យា,2026,2026-09-17,
ក្របខណ្ឌកម្មវិធីសិក្សា-ថ្នាក់បរិញ្ញាបត្រអប់រំ-ជំនាញជីវវិទ្យា,ក្របខណ្ឌកម្មវិធីសិក្សា ថ្នាក់បរិញ្ញាបត្រអប់រំ ជំនាញជីវវិទ្យា,2026,2026-09-17,
ក្របខណ្ឌសមត្ថភាព-អក្ខរកម្មឌីជីថល-ប្រព័ន្ធ-ផ្សព្វផ្សាយ-និង-ព័ត៌មាន,ក្របខណ្ឌសមត្ថភាព អក្ខរកម្មឌីជីថល​ប្រព័ន្ធ​ផ្សព្វផ្សាយ និង​ព័ត៌មាន,2026,2026-09-15,
ក្របខណ្ឌសមត្ថភាពអក្ខរកម្មឌីជីថលប្រព័ន្ធផ្សព្វផ្សាយ-និងព័ត៌មាន-អ-ឌ,ក្របខណ្ឌសមត្ថភាពអក្ខរកម្មឌីជីថលប្រព័ន្ធផ្សព្វផ្សាយ និងព័ត៌មាន(អ.ឌ,2026,2026-09-15,
ក្លឹបផែនដីវិទ្យា-1,ក្លឹបផែនដីវិទ្យា,2026,2026-09-16,
ក្លឹបផែនដីវិទ្យា,ក្លឹបផែនដីវិទ្យា,2026,2026-09-16,
គណិតគណនា,គណិតគណនា,2026,2026-09-16,
គណិតទី១១,គណិតទី១១,2026,2026-09-16,
គណិតវិទ្យា,គណិតវិទ្យា,2026,2026-09-16,
គណិតវិទ្យា-2,គណិតវិទ្យា,2026,2026-09-16,
គណិតវិទ្យា-កម្រិតខ្ពស់-ថ្នាក់ទី១១,គណិតវិទ្យា កម្រិតខ្ពស់ ថ្នាក់ទី១១,2026,2026-09-16,
គណិតវិទ្យា-កម្រិតខ្ពស់-ថ្នាក់ទី១២,គណិតវិទ្យា កម្រិតខ្ពស់ ថ្នាក់ទី១២,2026,2026-09-16,
គណិតវិទ្យា-កម្រិតមូលដ្ឋាន-ថ្នាក់ទី១១,គណិតវិទ្យា កម្រិតមូលដ្ឋាន ថ្នាក់ទី១១,2026,2026-09-16,
គណិតវិទ្យា-កម្រិតមូលដ្ឋាន-ថ្នាក់ទី១២,គណិតវិទ្យា កម្រិតមូលដ្ឋាន ថ្នាក់ទី១២,2026,2026-09-16,
គណិតវិទ្យា-កោណនិក,គណិតវិទ្យា កោណនិក,2026,2026-09-16,
គណិតវិទ្យា-ថ្នាក់ទី១១,គណិតវិទ្យា ថ្នាក់ទី១១,2026,2026-09-17,
គណិតវិទ្យា-ថ្នាក់ទី២,គណិតវិទ្យា ថ្នាក់ទី២,2026,2026-09-16,
គណិតវិទ្យា-ថ្នាក់ទី៣,គណិតវិទ្យា ថ្នាក់ទី៣,2026,2026-09-16,
គណិតវិទ្យា-ថ្នាក់ទី៣-សៀវភៅលំហាត់-ភាគ១,គណិតវិទ្យា ថ្នាក់ទី៣ សៀវភៅលំហាត់ ភាគ១,2026,2026-09-06,
គណិតវិទ្យា-ថ្នាក់ទី៤,គណិតវិទ្យា ថ្នាក់ទី៤,2026,2026-09-16,
គណិតវិទ្យា-ថ្នាក់ទី៦,គណិតវិទ្យា ថ្នាក់ទី៦,2026,2026-09-16,
គណិតវិទ្យា-ថ្នាក់ទី៧-1,គណិតវិទ្យា ថ្នាក់ទី៧,2026,2026-09-16,
គណិតវិទ្យា-ថ្នាក់-ទី-៧-មេរៀន-ទី-២០-ប្រូបាប,គណិតវិទ្យា ថ្នាក់​ទី​៧ មេរៀន​ទី​២០៖ ប្រូបាប,2026,2026-09-17,
គណិតវិទ្យា-ថ្នាក់-ទី-៧-មេរៀន-ទី-៧-រង្វាស់រង្វាល់,គណិតវិទ្យា ថ្នាក់​ទី​៧ មេរៀន​ទី​៧៖ រង្វាស់រង្វាល់,2026,2026-09-17,
គណិតវិទ្យា-ថ្នាក់-ទី-៧-មេរៀន-ទី-៨-មាឌ-និងផ្ទៃក្រឡាខាង,គណិតវិទ្យា ថ្នាក់​ទី​៧ មេរៀន​ទី​៨៖ មាឌ និងផ្ទៃក្រឡាខាង,2026,2026-09-17,
គណិតវិទ្យា-ថ្នាក់ទី៨,គណិតវិទ្យា ថ្នាក់ទី៨,2026,2026-09-16,
គណិតវិទ្យា-ថ្នាក់-ទី-៨-មេរៀន-ទី-១០-ស្ថិតិ,គណិតវិទ្យា ថ្នាក់​ទី​៨ មេរៀន​ទី​១០៖ ស្ថិតិ,2026,2026-09-17,
គណិតវិទ្យា-ថ្នាក់-ទី-៨-មេរៀន-ទី-១១-ប្រូបាប,គណិតវិទ្យា ថ្នាក់​ទី​៨ មេរៀន​ទី​១១៖ ប្រូបាប,2026,2026-09-17,
គណិតវិទ្យា-ថ្នាក់-ទី-៨-មេរៀន-ទី-៤-រង្វាស់រង្វាល់,គណិតវិទ្យា ថ្នាក់​ទី​៨ មេរៀន​ទី​៤៖ រង្វាស់រង្វាល់,2026,2026-09-17,
គណិតវិទ្យា-ថ្នាក់ទី៩,គណិតវិទ្យា ថ្នាក់ទី៩,2026,2026-09-16,
គណិតវិទ្យា-ថ្នាក់-ទី-៩-មេរៀន-ទី-១០-សមីការបន្ទាត់,គណិតវិទ្យា ថ្នាក់​ទី​៩ មេរៀន​ទី​១០៖ សមីការបន្ទាត់,2026,2026-09-16,
គណិតវិទ្យា-ថ្នាក់-ទី-៩-មេរៀន-ទី-២-សមាមាត្រ,គណិតវិទ្យា ថ្នាក់​ទី​៩ មេរៀន​ទី​២៖ សមាមាត្រ​,2026,2026-09-16,
គណិតវិទ្យា-ថ្នាក់-ទី-៩-មេរៀន-ទី-៨-ប្រូបាប,គណិតវិទ្យា ថ្នាក់​ទី​៩ មេរៀន​ទី​៨៖ ប្រូបាប​,2026,2026-09-16,
គណិតវិទ្យា-ទី-១២,គណិតវិទ្យា ទី ១២,2026,2026-09-16,
គណិតវិទ្យា-អូឡាំពិច-ស្វីត-សមីការស្វីត,គណិតវិទ្យា អូឡាំពិច ស្វីត សមីការស្វីត,2026,2026-09-16,
គណិតវិទ្យា-ថ្នាក់ទី៨-1,គណិតវិទ្យា_ថ្នាក់ទី៨,2026,2026-09-17,
គណិតវិទ្យា១០,គណិតវិទ្យា១០,2026,2026-09-16,
គណិតវិទ្យាកុំព្យូទ័រ,គណិតវិទ្យាកុំព្យូទ័រ,2026,2026-09-16,
គណិតវិទ្យាជុំវិញពិភពលោក-1,គណិតវិទ្យាជុំវិញពិភពលោក,2026,2026-09-16,
គណិតវិទ្យាជុំវិញពិភពលោក,គណិតវិទ្យាជុំវិញពិភពលោក,2026,2026-09-16,
គណិតវិទ្យាថ្នាក់ទី-១១,គណិតវិទ្យាថ្នាក់ទី_១១,2026,2026-09-16,
គណិតវិទ្យាថ្នាក់ទី១១,គណិតវិទ្យាថ្នាក់ទី១១,2026,2026-09-17,
គណិតវិទ្យាថ្នាក់ទី១២-1,គណិតវិទ្យាថ្នាក់ទី១២,2026,2026-09-17,
គណិតវិទ្យាថ្នាក់ទី១២,គណិតវិទ្យាថ្នាក់ទី១២,2026,2026-09-16,
គណិតវិទ្យាថ្នាក់ទី៩-កម្មវិធីចាស់,គណិតវិទ្យាថ្នាក់ទី៩(កម្មវិធីចាស់),2026,2026-09-16,
គណិតវិទ្យាវិស្វកម្ម,គណិតវិទ្យាវិស្វកម្ម,2026,2026-09-16,
គណិតវិទ្យាសម្រាប់ថ្នាក់ទី៩,គណិតវិទ្យាសម្រាប់ថ្នាក់ទី៩,2026,2026-09-16,
គណិតវិទ្យាអនន្ត,គណិតវិទ្យាអនន្ត,2026,2026-09-16,
គន្លឹះខ្លីៗក្នុងការប្រើប្រាស់កម្មវិធី-ms-excel-1,គន្លឹះខ្លីៗក្នុងការប្រើប្រាស់កម្មវិធី MS. Excel,2026,2026-09-15,
គន្លឹះខ្លីៗក្នុងការប្រើប្រាស់កម្មវិធី-ms-excel,គន្លឹះខ្លីៗក្នុងការប្រើប្រាស់កម្មវិធី MS. EXCEL,2026,2026-09-15,
គន្លឹះដោះស្រាយលំហាត់សមីការ-និងវិសមីការ,គន្លឹះដោះស្រាយលំហាត់សមីការ និងវិសមីការ,2026,2026-09-16,
គន្លឹះដោះស្រាយសមីការឌីផេរ៉ងស្យែល,គន្លឹះដោះស្រាយសមីការឌីផេរ៉ងស្យែល,2026,2026-09-16,
គន្លឹះស្វ៊ីតចំនួនពិត,គន្លឹះស្វ៊ីតចំនួនពិត,2026,2026-09-16,
គម្រោងការចិញ្ចឹមជ្រូកសាច់,គម្រោងការចិញ្ចឹមជ្រូកសាច់,2026,2026-09-15,
គីមីទូទៅ១-ឆ្នាំទី១,គីមីទូទៅ១ ឆ្នាំទី១,2026,2026-09-16,
គីមីទូទៅ២-ឆ្នាំទី១,គីមីទូទៅ២ (ឆ្នាំទី១),2026,2026-09-16,
គីមីទូទៅ៣-ឆ្នាំទី១,គីមីទូទៅ៣ (ឆ្នាំទី១),2026,2026-09-16,
គីមីរូប,គីមីរូប,2026,2026-09-16,
គីមីវិទ្យា-ថ្នាក់ទី១២,គីមីវិទ្យា ថ្នាក់ទី១២,2026,2026-09-16,
គីមីវិទ្យា-ថ្នាក់-ទី-១២-មេរៀន-សង្ខេប-និង-លំហាត់-គំរូ-សម្រាប់-ជា,គីមីវិទ្យា ថ្នាក់​ទី​១២៖ មេរៀន​សង្ខេប​ និង​លំហាត់​គំរូ​សម្រាប់​ជា,2026,2026-09-17,
គីមីវិទ្យា-ថ្នាក់-ទី-៧-មេរៀន-ទី-២-ចំណែកថ្នាក់-រូបធាតុ,គីមីវិទ្យា ថ្នាក់​ទី​​៧ មេរៀន​ទី​២៖ ចំណែកថ្នាក់​រូបធាតុ,2026,2026-09-16,
គីមីវិទ្យា-ថ្នាក់-ទី-៨-ជំពូកទី១-មេរៀន-ទី-២-ធាតុ-អង្គធាតុសុទ្ធ-ន,គីមីវិទ្យា ថ្នាក់​ទី​​៨ ជំពូកទី១ មេរៀន​ទី​២៖ ធាតុ អង្គធាតុសុទ្ធ ន,2026,2026-09-17,
គីមីវិទ្យា-ថ្នាក់-ទី-៨-ជំពូកទី១-មេរៀន-ទី-២-និមិត្តសញ្ញា-រូបមន្ត,គីមីវិទ្យា ថ្នាក់​ទី​​៨ ជំពូកទី១ មេរៀន​ទី​២៖ និមិត្តសញ្ញា រូបមន្ត,2026,2026-09-17,
គីមីវិទ្យា-ថ្នាក់-ទី-៨-ជំពូកទី-៣-ទឹក-និង-សូលុយស្យុង,គីមីវិទ្យា ថ្នាក់​ទី​​៨ ជំពូកទី​​៣៖ ​​​​​ទឹក និង​សូលុយស្យុង,2026,2026-09-17,
គីមីវិទ្យា-ថ្នាក់-ទី-៨-មេរៀន-ទី-១-ទ្រឹស្ដី-ម៉ូលេគុល-អាតូម,គីមីវិទ្យា ថ្នាក់​ទី​​៨ មេរៀន​ទី​១៖ ទ្រឹស្ដី​ម៉ូលេគុល-អាតូម,2026,2026-09-17,
គីមីវិទ្យា-ថ្នាក់-ទី-៨-មេរៀន-ទី-២-សមាសភាពទឹក,គីមីវិទ្យា ថ្នាក់​ទី​​៨ មេរៀន​ទី​២៖ សមាសភាពទឹក,2026,2026-09-17,
គីមីវិទ្យា-ថ្នាក់-ទី-៩-ជំពូកទី១-មេរៀន-ទី-២-លក្ខណៈធាតុតាមក្រុម,គីមីវិទ្យា ថ្នាក់​ទី​​៩ ជំពូកទី១ មេរៀន​ទី​២៖ លក្ខណៈធាតុតាមក្រុម,2026,2026-09-16,
គីមីវិទ្យា-ថ្នាក់-ទី-៩-ជំពូក-ទី-៣-អុកស៊ីត-អាស៊ីត-បាស-និង-អំបិល,គីមីវិទ្យា ថ្នាក់​ទី​​៩ ជំពូក​​ទី​៣៖ អុកស៊ីត អាស៊ីត បាស និង​អំបិល,2026,2026-09-16,
គីមីវិទ្យា-ថ្នាក់-ទី-៩-មេរៀន-ទី-១-តារាង-ខួប-នៃ-ធាតុ-គីមី,គីមីវិទ្យា ថ្នាក់​ទី​​៩ មេរៀន​ទី​១៖ តារាង​ខួប​នៃ​ធាតុ​គីមី,2026,2026-09-17,
គីមីវិទ្យា-ថ្នាក់-ទី-៩-មេរៀន-ទី-២-អាស៊ីត,គីមីវិទ្យា ថ្នាក់​ទី​​៩ មេរៀន​ទី​២៖ អាស៊ីត​,2026,2026-09-16,
គីមីវិទ្យាថ្នាក់ទី១០,គីមីវិទ្យាថ្នាក់ទី១០,2026,2026-09-16,
គីមីវិទ្យាថ្នាក់ទី១០-ជំពូក១-មេរៀនទី១-ទ្រឹស្ដីអាតូម,គីមីវិទ្យាថ្នាក់ទី១០ ជំពូក១ មេរៀនទី១ ទ្រឹស្ដីអាតូម,2026,2026-09-17,
គីមីវិទ្យាថ្នាក់ទី១០-ជំពូក១-មេរៀនទី២-ទម្រង់អាតូម,គីមីវិទ្យាថ្នាក់ទី១០ ជំពូក១ មេរៀនទី២ ទម្រង់អាតូម,2026,2026-09-16,
គីមីវិទ្យាថ្នាក់ទី១០-ជំពូក២-មេរៀនទទី២-សិក្សាធាតុតាមក្រុម,គីមីវិទ្យាថ្នាក់ទី១០ ជំពូក២ មេរៀនទទី២ សិក្សាធាតុតាមក្រុម,2026,2026-09-16,
គីមីវិទ្យាថ្នាក់ទី១០-ជំពូក៣-មេរៀនទី១-សម្ព័ន្ធគីមី,គីមីវិទ្យាថ្នាក់ទី១០ ជំពូក៣ មេរៀនទី១ សម្ព័ន្ធគីមី,2026,2026-09-16,
គីមីវិទ្យាថ្នាក់ទី៧,គីមីវិទ្យាថ្នាក់ទី៧,2026,2026-09-16,
គីមីវិទ្យាថ្នាក់ទី៧-១៩៨៥,គីមីវិទ្យាថ្នាក់ទី៧ (១៩៨៥),2026,2026-09-16,
គីមីសរីរាង្គ,គីមីសរីរាង្គ,2026,2026-09-16,
គីមីសរីរាង្គ-ភាគ១,គីមីសរីរាង្គ ភាគ១,2026,2026-09-16,
គីមីសរីរាង្គទំនើប-ភាគ១,គីមីសរីរាង្គទំនើប ភាគ១,2026,2026-09-16,
គីមីសរីរាង្គទំនើប-ភាគ២,គីមីសរីរាង្គទំនើប ភាគ២,2026,2026-09-16,
គីមីអសរីរាង្គ-ភាគ១,គីមីអសរីរាង្គ ភាគ១,2026,2026-09-16,
គុណភាពទឹក-សម្រាប់វិទ្យាសាស្ត្រគីមីវិទ្យា-និងបរិស្ថានវិទ្យា,គុណភាពទឹក សម្រាប់វិទ្យាសាស្ត្រគីមីវិទ្យា និងបរិស្ថានវិទ្យា,2026,2026-08-28,
គោលការណ៍សុខាភិបាលសត្វ,គោលការណ៍សុខាភិបាលសត្វ,2026,2026-09-15,
គោលនយោបាយ-អភិវឌ្ឍបច្ចេកវិទ្យាហិរញ្ញវត្ថុកម្ពុជា-២០២៣-២០២៨,គោលនយោបាយ អភិវឌ្ឍបច្ចេកវិទ្យាហិរញ្ញវត្ថុកម្ពុជា ២០២៣-២០២៨,2026,2026-09-15,
គោលនយោបាយរដ្ឋាភិបាលឌីជីថលកម្ពុជា-២០២២-២០៣៥,គោលនយោបាយរដ្ឋាភិបាលឌីជីថលកម្ពុជា_២០២២_២០៣៥,2026,2026-09-15,
គោលបំណងទី៤-យល់ដឹងអំពីដំណើរការកែតម្រូវគណនីចុងគ្រា-និងការអនុលោមតា,គោលបំណងទី៤ - យល់ដឹងអំពីដំណើរការកែតម្រូវគណនីចុងគ្រា និងការអនុលោមតា,2026,2026-09-16,
គ្រប់គ្រង-មន្ទីរ-ពិសោធន៍-វិទ្យាសាស្ត្រ,គ្រប់គ្រង​មន្ទីរ​ពិសោធន៍ វិទ្យាសាស្ត្រ,2026,2026-09-16,
ចំណីសត្វ,ចំណីសត្វ,2026,2026-09-16,
ចំនួនកុំផ្លិច,ចំនួនកុំផ្លិច,2026,2026-09-16,
ចំនួនកុំផ្លិច-2,ចំនួនកុំផ្លិច,2026,2026-09-16,
ចម្លើយកោននិចនិងរូបរាងក្នុងលំហ,ចម្លើយកោននិចនិងរូបរាងក្នុងលំហ,2026,2026-09-16,
ចម្លើយកោនិចនិងរូបរាងក្នុងលំហ,ចម្លើយកោនិចនិងរូបរាងក្នុងលំហ,2026,2026-09-15,
ចម្លើយលំហាត់ប្រតិបត្តិគណិតវិទ្យា,ចម្លើយលំហាត់ប្រតិបត្តិគណិតវិទ្យា,2026,2026-09-16,
ច្បាប់ស្ដីពី-ការប្រឆាំងការឆបោកតាមប្រព័ន្ធបច្ចេកវិទ្យា,ច្បាប់ស្ដីពី ការប្រឆាំងការឆបោកតាមប្រព័ន្ធបច្ចេកវិទ្យា,2026,2026-09-15,
ច្បាប់ស្ដីពីសហលក្ខន្ដិកៈមន្ត្រីរាជការស៊ីវិល,ច្បាប់ស្ដីពីសហលក្ខន្ដិកៈមន្ត្រីរាជការស៊ីវិល,2026,2026-09-16,
ជំងឺកូវីដ-១៩-និង-ផលប៉ះពាល់-លើ-ការ-ការពារ-កុមារ-តាម-ប្រព័ន្ធ-អនឡាញ,ជំងឺកូវីដ-១៩ និង​ផលប៉ះពាល់​លើ​ការ​ការពារ​កុមារ​តាម​ប្រព័ន្ធ​អនឡាញ,2026,2026-09-16,
ជំនាញជាងកំបោរ,ជំនាញជាងកំបោរ,2026,2026-09-15,
ជំនួយ-ស្មារតី-សម្រាប់-សិស្ស-ថ្នាក់-ទី១២-គណិតវិទ្យា,ជំនួយ​ស្មារតី​សម្រាប់​សិស្ស​ថ្នាក់​ទី១២ គណិតវិទ្យា,2026,2026-09-16,
ជំពូកទី១-មេរៀនទី១-ជំងឺកាមរោគ-ភាគ៣-តចប់,ជំពូកទី១ មេរៀនទី១​ ជំងឺកាមរោគ (ភាគ៣ តចប់),2026,2026-09-16,
ជំពូកទី១-មេរៀនទី១-ជំងឺកាមរោគ-ភាគ១,ជំពូកទី១ មេរៀនទី១៖ ជំងឺកាមរោគ (ភាគ១),2026,2026-09-16,
ជំពូកទី១-មេរៀនទី១-ជំងឺកាមរោគ-ភាគ២,ជំពូកទី១ មេរៀនទី១៖ ជំងឺកាមរោគ (ភាគ២),2026,2026-09-16,
ជំពូកទី១-មេរៀនទី២-ភាពអារ,ជំពូកទី១ មេរៀនទី២ ភាពអារ,2026,2026-09-16,
ជំពូកទី១-មេរៀនទី៣-ផ្នត់គំនិតទាក់ទងនឹងយេនឌ័រផ្លូវភេទនិងជំងឺអេដស៍-1,ជំពូកទី១ មេរៀនទី៣ ផ្នត់គំនិតទាក់ទងនឹងយេនឌ័រផ្លូវភេទនិងជំងឺអេដស៍ (,2026,2026-09-16,
ជំពូកទី១-មេរៀនទី៣-ផ្នត់គំនិតទាក់ទងនឹងយេនឌ័រផ្លូវភេទនិងជំងឺអេដស៍,ជំពូកទី១ មេរៀនទី៣ ផ្នត់គំនិតទាក់ទងនឹងយេនឌ័រផ្លូវភេទនិងជំងឺអេដស៍ (,2026,2026-09-16,
ជំពូកទី១-មេរៀនទី៤-ការធ្វើតេស្តឈាមរកមេរោគអេដស៍,ជំពូកទី១ មេរៀនទី៤ ការធ្វើតេស្តឈាមរកមេរោគអេដស៍,2026,2026-09-16,
ជំពូកទី១-មេរៀនទី៥-ការថែទាំនិងព្យាបាលអ្នករស់នៅជាមួយមេរោគអេដស៍-ភា,ជំពូកទី១ មេរៀនទី៥៖ ការថែទាំនិងព្យាបាលអ្នករស់នៅជាមួយមេរោគអេដស៍ (ភា,2026,2026-09-16,
ជំពូកទី១-មេរៀនទី៥-ការថែទាំនិងព្យាបាលអ្នករស់នៅជាមួយមេរោគអេដស៍-ភា-1,ជំពូកទី១ មេរៀនទី៥៖ ការថែទាំនិងព្យាបាលអ្នករស់នៅជាមួយមេរោគអេដស៍ (ភា,2026,2026-09-16,
ជំពូកទី១-មេរៀនទី៦-ការរើសអើងអ្នករស់នៅជាមួយមេរោគអេដស៍,ជំពូកទី១ មេរៀនទី៦៖ ការរើសអើងអ្នករស់នៅជាមួយមេរោគអេដស៍,2026,2026-09-16,
ជំពូកទី២-មេរៀនទី១-គុណតម្លៃទាក់ទងនឹងរឿងផ្លូវភេទ-ភាគ១,ជំពូកទី២ មេរៀនទី១ គុណតម្លៃទាក់ទងនឹងរឿងផ្លូវភេទ (ភាគ១),2026,2026-09-16,
ជំពូកទី២-មេរៀនទី១-គុណតម្លៃទាក់ទងនឹងរឿងផ្លូវភេទ-ភាគ២-តចប់,ជំពូកទី២ មេរៀនទី១ គុណតម្លៃទាក់ទងនឹងរឿងផ្លូវភេទ (ភាគ២ តចប់),2026,2026-09-16,
ជំពូកទី២-មេរៀនទី២-ចំណង់ផ្លូវភេទ,ជំពូកទី២ មេរៀនទី២ ចំណង់ផ្លូវភេទ,2026,2026-09-16,
ជំពូកទី២-មេរៀនទី៣-ការជួញដូរផ្លូវភេទ,ជំពូកទី២ មេរៀនទី៣ ការជួញដូរផ្លូវភេទ,2026,2026-09-16,
ជម្រើសក្នុងការប្រើប្រាស់សារធាតុគីមី,ជម្រើសក្នុងការប្រើប្រាស់សារធាតុគីមី,2026,2026-09-16,
ជម្រើសលំហាត់អនុគមន៍ត្រីកោណមាត្រ,ជម្រើសលំហាត់អនុគមន៍ត្រីកោណមាត្រ,2026,2026-09-16,
ជំហ៊ានណែនាំលើការប្រើប្រាស់-ប័ណ្ណតូចៗ,ជំហ៊ានណែនាំលើការប្រើប្រាស់​ប័ណ្ណតូចៗ,2026,2026-09-16,
ជីវវិទ្យា-ថ្នាក់ទី១២,ជីវវិទ្យា ថ្នាក់ទី១២,2026,2026-09-16,
ជីវវិទ្យា-ថ្នាក់ទី-១២-មេរៀន-សង្ខេប-និង-លំហាត់-គំរូ-សម្រាប់-ជា-ជ,ជីវវិទ្យា ថ្នាក់ទី​១២ ៖ មេរៀន​សង្ខេប និង​លំហាត់​គំរូ​សម្រាប់​ជា​ជ,2026,2026-09-17,
ជីវវិទ្យា-ថ្នាក់ទី៧-មេរៀនទី-២-ផ្នែកផ្សេងៗនៃប្រដាប់រំលាយអាហារ,ជីវវិទ្យា ថ្នាក់ទី៧ មេរៀនទី ២៖ ផ្នែកផ្សេងៗនៃប្រដាប់រំលាយអាហារ,2026,2026-09-16,
ជីវវិទ្យា-ថ្នាក់ទី៨-ជំពូកទី-៣-មេរៀនទី១-បន្សាយ,ជីវវិទ្យា ថ្នាក់ទី៨ ជំពូកទី​៣ មេរៀនទី១៖ បន្សាយ,2026,2026-09-17,
ជីវវិទ្យា-ថ្នាក់ទី៨-មេរៀនទី-២-ទំនាក់ទំនងអាហារក្នុងបរិស្ថាន,ជីវវិទ្យា ថ្នាក់ទី៨ មេរៀនទី ២៖ ទំនាក់ទំនងអាហារក្នុងបរិស្ថាន,2026,2026-09-17,
ជីវវិទ្យា-ថ្នាក់ទី៨-មេរៀនទី-២-របបអាហារ-និងថាមពល,ជីវវិទ្យា ថ្នាក់ទី៨ មេរៀនទី ២៖ របបអាហារ និងថាមពល,2026,2026-09-17,
ជីវវិទ្យា-ថ្នាក់ទី៩-ជំពូកទី២-មេរៀនទី-១-ណឺរ៉ូន,ជីវវិទ្យា ថ្នាក់ទី៩ ជំពូកទី២ ​មេរៀនទី ១៖​ ណឺរ៉ូន,2026,2026-09-16,
ជីវវិទ្យា-ថ្នាក់ទី៩-ជំពូកទី-២-មេរៀនទី២-មជ្ឈមណ្ឌលប្រសាទ,ជីវវិទ្យា ថ្នាក់ទី៩ ជំពូកទី​២ មេរៀនទី២៖ មជ្ឈមណ្ឌលប្រសាទ,2026,2026-09-16,
ជីវវិទ្យា-ថ្នាក់ទី៩-មេរៀនទី-១-ភ្នាក់ងារបង្ករោគ,ជីវវិទ្យា ថ្នាក់ទី៩ មេរៀនទី ១៖​ ភ្នាក់ងារបង្ករោគ,2026,2026-09-16,
ជីវវិទ្យា-ថ្នាក់ទី៩-មេរៀនទី-៣-ដង្ហើមរុក្ខជាតិ,ជីវវិទ្យា ថ្នាក់ទី៩ មេរៀនទី ៣៖ ដង្ហើមរុក្ខជាតិ,2026,2026-09-16,
ជីវវិទ្យា-បណ្តុំវិទ្យាសាស្ត្រសង្គម,ជីវវិទ្យា បណ្តុំវិទ្យាសាស្ត្រសង្គម,2026,2026-09-16,
ជីវវិទ្យា-មេរៀនទី១-ស៊ីមណូស្ពែម,ជីវវិទ្យា​ មេរៀនទី១ ស៊ីមណូស្ពែម​,2026,2026-09-17,
ជីវវិទ្យា-មេរៀនទី២-អង់ស្យូស្ពែម,ជីវវិទ្យា មេរៀនទី២ អង់ស្យូស្ពែម,2026,2026-09-17,
ជីវវិទ្យា-ថ្នាក់-ទី-៧-មេរៀន-ទី២-រុក្ខជាតិមានផ្កា,ជីវវិទ្យា​ថ្នាក់​ទី​៧ មេរៀន​ទី២៖ រុក្ខជាតិមានផ្កា​,2026,2026-09-17,
ជីវៈវិទ្យា-ថ្នាក់-ទី-៧-មេរៀន-ទី៣-ដំណឹកនាំ-ក្នុង-រុក្ខជាតិមានផ្ក,ជីវៈវិទ្យា​ថ្នាក់​ទី​៧ មេរៀន​ទី៣៖ ដំណឹកនាំ​ក្នុង​​រុក្ខជាតិមានផ្ក,2026,2026-09-17,
ជីវៈវិទ្យា-ថ្នាក់-ទី-៨-មេរៀន-ទី១-ស្ថាន-ប្រព័ន្ធតាម-មូលដ្ឋាន,ជីវៈវិទ្យា​ថ្នាក់​ទី​៨ មេរៀន​ទី១៖ ស្ថាន​ប្រព័ន្ធតាម​មូលដ្ឋាន,2026,2026-09-17,
ជីវៈវិទ្យា-ថ្នាក់-ទី-៩-មេរៀន-ទី២-ដំណើររស្មីសំយោគ,ជីវៈវិទ្យា​ថ្នាក់​ទី​៩ មេរៀន​ទី២៖ ដំណើររស្មីសំយោគ,2026,2026-09-16,
ដំណាំខាត់ណាដើម-dae-fia,ដំណាំខាត់ណាដើម (DAE-FiA),2026,2026-09-17,
ដំណាំ-ចំណីសត្វ-pda-kpc,ដំណាំ​ចំណីសត្វ (PDA-KPC,2026,2026-09-17,
ដំណោះស្រាយបច្ចេកវិទ្យាឌីជីថល-សម្រាប់លើកកម្ពស់ការអប់រំមុខវិជ្ជាបំណ,ដំណោះស្រាយបច្ចេកវិទ្យាឌីជីថល សម្រាប់លើកកម្ពស់ការអប់រំមុខវិជ្ជាបំណ,2026,2026-09-15,
ដើមវល្លិ៍ឆ្អឹងពស់,ដើមវល្លិ៍ឆ្អឹងពស់,2026,2026-09-16,
ដេរីវេ-និងការអនុវត្តន៍,ដេរីវេ និងការអនុវត្តន៍,2026,2026-09-16,
ដេរីវេនៃអនុគមន៍,ដេរីវេនៃអនុគមន៍,2026,2026-09-16,
ដេរីវេនៃអនុគមន៍-1,ដេរីវេនៃអនុគមន៍,2026,2026-09-16,
ដេរីវេនៃអនុគមន៍-កិច្ចការផ្ទះ-២២-មករា-២០២៣,ដេរីវេនៃអនុគមន៍ កិច្ចការផ្ទះ ២២-មករា-២០២៣,2026,2026-09-16,
តម្រូវប្រសាទ,តម្រូវប្រសាទ,2026,2026-09-16,
តាមដានសុខភាពសិស្ស,តាមដានសុខភាពសិស្ស,2026,2026-09-15,
តាវ-តឺជីង-dao-de-jing,តាវ តឺជីង (Dao De Jing),2026,2026-09-06,
តើអ្វីទៅជាបដិវត្តន៍ឧស្សហកម្ម,តើអ្វីទៅជាបដិវត្តន៍ឧស្សហកម្ម?,2026,2026-09-15,
តេស្តគណីតវិទ្យាតាមបែបgoogle-form,តេស្តគណីតវិទ្យាតាមបែបgoogle form,2026,2026-09-16,
តេស្តរង្វាយតម្លៃថ្នាក់តំបន់-sea-plm,តេស្តរង្វាយតម្លៃថ្នាក់តំបន់ SEA-PLM,2026,2026-09-16,
ថ្នាលអភិវឌ្ឍសមត្ថភាពជាអ្វី,ថ្នាលអភិវឌ្ឍសមត្ថភាពជាអ្វី?,2026,2026-09-15,
ទំនាក់ទំនងម៉ាសក្នុងប្រតិកម្មគីមី-កិច្ចតែងការបង្រៀនគីមីថ្នាក់ទី១១,ទំនាក់ទំនងម៉ាសក្នុងប្រតិកម្មគីមី កិច្ចតែងការបង្រៀនគីមីថ្នាក់ទី១១,2026,2026-09-17,
ទំនើបកម្មវិធីសាស្ត្របង្រៀនសម្រាប់សតវត្សទី២១,ទំនើបកម្មវិធីសាស្ត្របង្រៀនសម្រាប់សតវត្សទី២១,2026,2026-09-16,
ទស្សនាវដ្ដីស្រាវជ្រាវកម្ពុជា-សម្រាប់ការអប់រំ-និងស្នែម-ឆ្នាំទី១-លេ,ទស្សនាវដ្ដីស្រាវជ្រាវកម្ពុជា សម្រាប់ការអប់រំ និងស្នែម ឆ្នាំទី១ លេ,2026,2026-09-16,
ទស្សនាវដ្តីស្រាវជ្រាវកម្ពុជាសម្រាប់ការអប់រំ-និងស្ទែម-ឆ្នាំទី៣-លេខ,ទស្សនាវដ្តីស្រាវជ្រាវកម្ពុជាសម្រាប់ការអប់រំ និងស្ទែម ឆ្នាំទី៣ លេខ,2026,2026-09-16,
ទែម៉ូឌីណាមិច-រលក-ភាគទី២,ទែម៉ូឌីណាមិច & រលក ភាគទី២,2026,2026-09-16,
ទ្រឹស្តីស្ថិតិ,ទ្រឹស្តីស្ថិតិ,2026,2026-09-16,
ធរណីមាត្រ-1,ធរណីមាត្រ,2026,2026-09-16,
ធរណីមាត្រ,ធរណីមាត្រ,2026,2026-09-16,
ធរណីមាត្រ-ថ្នាក់ទី៨,ធរណីមាត្រ ថ្នាក់ទី៨,2026,2026-09-16,
ធរណីមាត្រ-សំរាប់ការប្រលងសិស្សពូកែ-នឹង-ប្រលងប្រជែងនានា,ធរណីមាត្រ សំរាប់ការប្រលងសិស្សពូកែ នឹង ប្រលងប្រជែងនានា,2026,2026-09-16,
ធរណីមាត្រក្នុងលំហ-1,ធរណីមាត្រក្នុងលំហ,2026,2026-09-16,
ធរណីមាត្រក្នុងលំហ-2,ធរណីមាត្រក្នុងលំហ,2026,2026-09-16,
ធរណីមាត្រក្នុងលំហ,ធរណីមាត្រក្នុងលំហ,2026,2026-09-16,
និតិវិធីនៃការស្រាវជ្រាវ,និតិវិធីនៃការស្រាវជ្រាវ,2026,2026-09-15,
នីតិអន្តរជាតិឯកជន,នីតិអន្តរជាតិឯកជន,2026,2026-09-04,
បច្ចេកទេសការដាំដំណាំសរីរាង្គ,បច្ចេកទេសការដាំដំណាំសរីរាង្គ,2026,2026-09-15,
បច្ចេកទេសការដាំដុះដំណាំស្រូវ១,បច្ចេកទេសការដាំដុះដំណាំស្រូវ១,2026,2026-09-15,
បច្ចេកទេស-ចិញ្ចឹម-គោ-ជា-លក្ខណៈ-គ្រួសារ,បច្ចេកទេស​ចិញ្ចឹម​គោ​ជា​លក្ខណៈ​គ្រួសារ,2026,2026-09-17,
បច្ចេកទេស-ចិញ្ចឹម-ជ្រូក-ជា-លក្ខណៈ-គ្រួសារ,បច្ចេកទេស​ចិញ្ចឹម​ជ្រូក​ជា​លក្ខណៈ​គ្រួសារ,2026,2026-09-15,
បច្ចេកទេស-ចិញ្ចឹម-បង្កង-ក្នុង-ស្រះ,បច្ចេកទេស​ចិញ្ចឹម​បង្កង​ក្នុង​ស្រះ,2026,2026-09-16,
បច្ចេកទេស-ដាំ-កៅស៊ូ,បច្ចេកទេស​ដាំ​កៅស៊ូ,2026,2026-09-17,
បច្ចេកទេស-ដាំដំណាំ-ប៉េងប៉ោះ,បច្ចេកទេស​ដាំដំណាំ​ប៉េងប៉ោះ,2026,2026-09-15,
បច្ចេកទេសផ្សាំក្រូច,បច្ចេកទេសផ្សាំក្រូច,2026,2026-09-15,
បច្ចេកវិទ្យា-និងការអប់រំឆ្លាតវៃនៅកម្ពុជា,បច្ចេកវិទ្យា និងការអប់រំឆ្លាតវៃនៅកម្ពុជា,2026,2026-09-15,
បច្ចេកវិទ្យា-និងវិស័យការងារ,បច្ចេកវិទ្យា និងវិស័យការងារ,2026,2026-09-15,
បច្ចេកវិទ្យាជីវៈ,បច្ចេកវិទ្យាជីវៈ,2026,2026-09-16,
បច្ចេកវិទ្យាព័ត៌មាន-និង-សារ-គមនាគមន៍-ថ្នាក់ទី៧-សៀវភៅគ្រូ,បច្ចេកវិទ្យាព័ត៌មាន និង​សារ​គមនាគមន៍ ថ្នាក់ទី៧ សៀវភៅគ្រូ,2026,2026-09-15,
បញ្ញាសិប្បនិមិ្មត-និងឧបករណ៍ឌីជីថលសម្រាប់ការអប់រំ,បញ្ញាសិប្បនិមិ្មត និងឧបករណ៍ឌីជីថលសម្រាប់ការអប់រំ,2026,2026-09-15,
បញ្ញាសិប្បនិម្មិត-លើកកម្ពស់នវានុវត្តន៍-ក្រមសីលធម៌-និងបរិយាបន្ននៅ,បញ្ញាសិប្បនិម្មិត៖ លើកកម្ពស់នវានុវត្តន៍ ក្រមសីលធម៌ និងបរិយាបន្ននៅ,2026,2026-09-15,
បញ្ហា-ថ្នាំ-កសិកម្ម-នៅ-ប្រទេស-កម្ពុជា,បញ្ហា​ថ្នាំ​កសិកម្ម​នៅ​ប្រទេស​កម្ពុជា,2026,2026-09-17,
បទបង្ហាញ-ស្ដីពីការប្រើប្រាស់បញ្ញាសិប្បនិម្មិត-ai-ដើម្បីលើកកម្ពស់អ,បទបង្ហាញ ស្ដីពីការប្រើប្រាស់បញ្ញាសិប្បនិម្មិត AI ដើម្បីលើកកម្ពស់អ,2026,2026-09-15,
បទបង្ហាញស្ដីពីយុទ្ធសាស្ត្រនៃការអនុវត្តកញ្ចប់សម្ភារៈអំណាន-និងគណិតវ,បទបង្ហាញស្ដីពីយុទ្ធសាស្ត្រនៃការអនុវត្តកញ្ចប់សម្ភារៈអំណាន និងគណិតវ,2026,2026-09-17,
បទពិសោធប្រមូលផលស្រូវ,បទពិសោធប្រមូលផលស្រូវ,2026,2026-09-16,
បទពិសោធស្ទូងស្រូវ,បទពិសោធស្ទូងស្រូវ,2026,2026-09-16,
បរិវត្តកម្មការអប់រំស្ទែម,បរិវត្តកម្មការអប់រំស្ទែម,2026,2026-09-06,
បរិវត្តកម្មឌីជីថលក្នុងប្រព័ន្ធគាំពារសង្គមផែនការយុទ្ធសាស្ត្រ-២០២៤,បរិវត្តកម្មឌីជីថលក្នុងប្រព័ន្ធគាំពារសង្គមផែនការយុទ្ធសាស្ត្រ ២០២៤-,2026,2026-09-15,
បៀប-ប្រើ-ប្រាស់-កម្មវិធី-អ៊ីមែល-មយូរា-និង-ការ-កំណត់-រចនា-សម្ព័ន្ធ,បៀប​ប្រើ​ប្រាស់​កម្មវិធី​អ៊ីមែល មយូរា និង​ការ​កំណត់​រចនា​សម្ព័ន្ធ,2026,2026-09-15,
ប្រជុំកំណាព្យ-១០១,ប្រជុំកំណាព្យ ១០១,2026,2026-09-04,
ប្រជុំរូបមន្តគណិតវិទ្យា-១០-១១-១២,ប្រជុំរូបមន្តគណិតវិទ្យា ១០ ១១ ១២,2026,2026-09-16,
ប្រជុំវិញ្ញាសាគណិតវិទ្យា-ថ្នាក់ទី៩-ភាគ១,ប្រជុំវិញ្ញាសាគណិតវិទ្យា ថ្នាក់ទី៩ ភាគ១,2026,2026-09-16,
ប្រជុំវិញ្ញាសាគណិតវិទ្យាថ្នាក់ទី៩,ប្រជុំវិញ្ញាសាគណិតវិទ្យាថ្នាក់ទី៩,2026,2026-09-16,
ប្រជុំវិញ្ញាសាគីមីវិទ្យា-ថ្នាក់ទី៩,ប្រជុំវិញ្ញាសាគីមីវិទ្យា ថ្នាក់ទី៩,2026,2026-09-16,
ប្រជុំវិញ្ញាសាគីមីវិទ្យាថ្នាក់ទី១២-ភាគ-i-1997,ប្រជុំវិញ្ញាសាគីមីវិទ្យាថ្នាក់ទី១២ (ភាគ I) (1997),2026,2026-09-16,
ប្រជុំវិញ្ញាសាគីមីវិទ្យាថ្នាក់ទី១២-ភាគ-ii-1997,ប្រជុំវិញ្ញាសាគីមីវិទ្យាថ្នាក់ទី១២ (ភាគ II) (1997),2026,2026-09-16,
ប្រជុំវិញ្ញាសាគីមីវិទ្យាថ្នាក់ទី១២-ភាគ-iv-1997,ប្រជុំវិញ្ញាសាគីមីវិទ្យាថ្នាក់ទី១២ (ភាគ IV) (1997),2026,2026-09-16,
ប្រព័ន្ធសមីការលីនេអ៊ែរ,ប្រព័ន្ធសមីការលីនេអ៊ែរ,2026,2026-09-16,
ប្រព័ន្ធអង់ដូគ្រីន,ប្រព័ន្ធអង់ដូគ្រីន,2026,2026-09-16,
ប្រលងជ្រើសរើសសិស្សពូកែទូទាំងប្រទេស-ផ្នែករូបវិទ្យា-ថ្នាក់ទី៩,ប្រលងជ្រើសរើសសិស្សពូកែទូទាំងប្រទេស ផ្នែករូបវិទ្យា ថ្នាក់ទី៩,2026,2026-09-16,
ប្រឡងជ្រើសរើសសិស្សពូកែទូទាំងប្រទេស-ផ្នែកគណិតវិទ្យា-ថ្នាក់ទី១២,ប្រឡងជ្រើសរើសសិស្សពូកែទូទាំងប្រទេស ផ្នែកគណិតវិទ្យា ថ្នាក់ទី១២,2026,2026-09-16,
ប្រឡងជ្រើសរើសសិស្សពូកែទូទាំងប្រទេស-ផ្នែកគណិតវិទ្យា-ថ្នាក់ទី៩,ប្រឡងជ្រើសរើសសិស្សពូកែទូទាំងប្រទេស ផ្នែកគណិតវិទ្យា ថ្នាក់ទី៩,2026,2026-09-16,
ប្រឡងជ្រើសរើសសិស្សពូកែទូទាំងប្រទេស-ផ្នែករូបវិទ្យា-ថ្នាក់ទី១២,ប្រឡងជ្រើសរើសសិស្សពូកែទូទាំងប្រទេស ផ្នែករូបវិទ្យា ថ្នាក់ទី១២,2026,2026-09-16,
ប្រូបាប៊ីលីតេ,ប្រូបាប៊ីលីតេ,2026,2026-09-16,
ប្រូបាប៊ីលីតេ-និងស្ថិតិភាគ១,ប្រូបាប៊ីលីតេ និងស្ថិតិភាគ១,2026,2026-09-16,
ប្រូបាប៊ីលីតេនិងស្ថិតិភាគ១,ប្រូបាប៊ីលីតេនិងស្ថិតិភាគ១,2026,2026-09-16,
ប្រូបាប៊ីលីតេនិងស្ថិតិភាគ២,ប្រូបាប៊ីលីតេនិងស្ថិតិភាគ២,2026,2026-09-16,
ផលិតកម្មវៃឆ្លាត-smart-manufacturing,ផលិតកម្មវៃឆ្លាត (Smart Manufacturing),2026,2026-09-15,
ផែនការមេរៀននៃការបង្កើតហ្គេមអប្សរាដោយប្រើប្រាស់-scratch,ផែនការមេរៀននៃការបង្កើតហ្គេមអប្សរាដោយប្រើប្រាស់ Scratch,2026,2026-09-15,
ផែនការយុទ្ធសាស្ត្រជាតិស្ដីពី-ការការពារនិងគ្រប់គ្រងការលង់ទឹក,ផែនការយុទ្ធសាស្ត្រជាតិស្ដីពី៖ ការការពារនិងគ្រប់គ្រងការលង់ទឹក,2026,2026-09-16,
ផែនដី-និង-បរិស្ថានវិទ្យាថ្នាក់ទី12,ផែនដី_និង_បរិស្ថានវិទ្យាថ្នាក់ទី12,2026,2026-09-16,
ផែនដីនិងបរិស្ថានវិទ្យា,ផែនដីនិងបរិស្ថានវិទ្យា,2026,2026-09-16,
ផែនដីនិងបរិស្ថានវិទ្យា-ថ្នាក់ទី១០,ផែនដីនិងបរិស្ថានវិទ្យា ថ្នាក់ទី១០,2026,2026-09-16,
ផែនដីនិងបរិស្ថានវិទ្យា-ថ្នាក់ទី១២,ផែនដីនិងបរិស្ថានវិទ្យា ថ្នាក់ទី១២,2026,2026-09-16,
ផែនដីនិងបរិស្ថានវិទ្យា-១២,ផែនដីនិងបរិស្ថានវិទ្យា_១២,2026,2026-09-16,
ផែនដីបរិស្ថានវិទ្យា,ផែនដីបរិស្ថានវិទ្យា,2026,2026-09-16,
ផែនដីវិទ្យា-ថ្នាក់ទី១១,ផែនដីវិទ្យា ថ្នាក់ទី១១,2026,2026-09-16,
ផែនដីវិទ្យា-ថ្នាក់-ទី-៧-ជំពូក-ទី-១-មេរៀន-ទី-២-ផ្កាយពិសេសឬព្រះអ,ផែនដីវិទ្យា​ ថ្នាក់​ទី​៧ ជំពូក​ទី​១ មេរៀន​ទី​២៖ ​ផ្កាយពិសេសឬព្រះអ,2026,2026-09-17,
ផែនដីវិទ្យា-ថ្នាក់-ទី-៧-ជំពូក-ទី-១-ប្រព័ន្ធ-ព្រះអាទិត្,ផែនដីវិទ្យា​ ថ្នាក់​ទី​៧ ជំពូក​ទី​១៖ ​ប្រព័ន្ធ​ព្រះអាទិត្,2026,2026-09-17,
ផែនដីវិទ្យា-ថ្នាក់-ទី-៧-ជំពូក-ទី-២-មេរៀន-ទី-២-លក្ខណៈរដូវនៅលើភព,ផែនដីវិទ្យា​ ថ្នាក់​ទី​៧ ជំពូក​ទី​២ មេរៀន​ទី​២៖ ​លក្ខណៈរដូវនៅលើភព,2026,2026-09-17,
ផែនដីវិទ្យា-ថ្នាក់-ទី-៨-ជំពូក-ទី-២-មេរៀន-ទី-៣-វដ្តសិលា,ផែនដីវិទ្យា​ ថ្នាក់​ទី​៨ ជំពូក​ទី​២ មេរៀន​ទី​៣៖ ​វដ្តសិលា,2026,2026-09-17,
ផែនដីវិទ្យា-ថ្នាក់-ទី-៨-ជំពូក-ទី-២-មេរៀន-ទី-៤-ប្រភេទសិលា,ផែនដីវិទ្យា​ ថ្នាក់​ទី​៨ ជំពូក​ទី​២ មេរៀន​ទី​៤៖ ប្រភេទសិលា,2026,2026-09-17,
ផែនដីវិទ្យា-ថ្នាក់-ទី-៨-ជំពូក-ទី-២-បរិយាកាស-លើ-ផែន-ដី,ផែនដីវិទ្យា​ ថ្នាក់​ទី​៨ ជំពូក​ទី​២៖ ​បរិយាកាស​លើ​ផែន​ដី,2026,2026-09-17,
ផែនដីវិទ្យា-ថ្នាក់-ទី-៨-ជំពូក-ទី-៣-មេរៀន-ទី-១-ចលនារបស់ផែនដីនិង,ផែនដីវិទ្យា​ ថ្នាក់​ទី​៨ ជំពូក​ទី​៣ មេរៀន​ទី​១​៖ ចលនារបស់ផែនដីនិង,2026,2026-09-17,
ផែនដីវិទ្យា-ថ្នាក់-ទី-៨-ជំពូក-ទី-៣-មេរៀន-ទី-២-វគ្គព្រះចន្ទ,ផែនដីវិទ្យា​ ថ្នាក់​ទី​៨ ជំពូក​ទី​៣ មេរៀន​ទី​២៖ ​វគ្គព្រះចន្ទ,2026,2026-09-17,
ផែនដីវិទ្យា-ថ្នាក់-ទី-៩-ជំពូក-ទី-២-មេរៀន-ទី-២-បំណាក់ស្រុតនិងពំ,ផែនដីវិទ្យា​ ថ្នាក់​ទី​៩ ជំពូក​ទី​២ មេរៀន​ទី​២៖ ​បំណាក់ស្រុតនិងពំ,2026,2026-09-16,
ផែនដីវិទ្យា-ថ្នាក់-ទី-៩-ជំពូក-ទី-៣-មេរៀន-ទី-១-សំណល់រឹង,ផែនដីវិទ្យា​ ថ្នាក់​ទី​៩ ជំពូក​ទី​៣ មេរៀន​ទី​១៖ ​សំណល់រឹង,2026,2026-09-16,
ផែនដីវិទ្យា-ថ្នាក់-ទី-៩-ជំពូក-ទី-៣-មេរៀន-ទី-២-ការបំពុលអាកាស,ផែនដីវិទ្យា​ ថ្នាក់​ទី​៩ ជំពូក​ទី​៣ មេរៀន​ទី​២៖ ​ការបំពុលអាកាស,2026,2026-09-16,
ផែនដីវិទ្យា-ថ្នាក់-ទី-៩-មេរៀនទី-២-ទ្រឹស្ដី-ផ្លាក-តិចតូនិច,ផែនដីវិទ្យា​ ថ្នាក់​ទី​៩ មេរៀនទី ២៖ ​ទ្រឹស្ដី​ផ្លាក​តិចតូនិច,2026,2026-09-16,
ផែនទីបង្ហាញ-ផ្លូវ-អភិវឌ្ឍន៍-ជំនាញ-ឌីជីថល-នៅ-កម្ពុជា,ផែនទីបង្ហាញ​ផ្លូវ​អភិវឌ្ឍន៍​ជំនាញ​ឌីជីថល​នៅ​កម្ពុជា,2026,2026-09-15,
ផែន-ទី-អាស៊ី-អាគ្នេយ៍,ផែន​ទី​អាស៊ី​អាគ្នេយ៍,2026,2026-09-15,
ផ្នែកទី២-មូលដ្ឋានគ្រឹះនៃការរៀបចំគណនេយ្យ,ផ្នែកទី២ មូលដ្ឋានគ្រឹះនៃការរៀបចំគណនេយ្យ,2026,2026-09-16,
ផ្នែកទី៣-ជំហានដំបូងនៃដំណើរការកត់ត្រាបញ្ជីគណនេយ្យ,ផ្នែកទី៣ ជំហានដំបូងនៃដំណើរការកត់ត្រាបញ្ជីគណនេយ្យ,2026,2026-09-16,
ពន្លឺ-និងអុបទិក,ពន្លឺ និងអុបទិក,2026,2026-09-16,
ពាក្យសំដីមាស-les-paroles-d-or,ពាក្យសំដីមាស (Les Paroles d'Or),2026,2026-09-06,
ពិធីសារស្ដីពី-ការ-ធ្វើ-រោគវិនិច្ឆ័យ-និង-ការ-ព្យាបាលជំងឺ-កូវីដ១៩-ន,ពិធីសារស្ដីពី ការ​ធ្វើ​រោគវិនិច្ឆ័យ និង​ការ​ព្យាបាលជំងឺ​កូវីដ១៩ ន,2026,2026-09-17,
ពិភពការងារ,ពិភពការងារ,2026,2026-09-15,
ពិសោធន៍សត្វ,ពិសោធន៍សត្វ,2026,2026-09-16,
ភាពជាប់នៃអនុគមន៍,ភាពជាប់នៃអនុគមន៍,2026,2026-09-16,
ភាសាខ្មែរ-ថ្នាក់ទី១,ភាសាខ្មែរ ថ្នាក់ទី១,2026,2026-09-16,
ភាសាខ្មែរ-ថ្នាក់ទី២,ភាសាខ្មែរ ថ្នាក់ទី២,2026,2026-09-16,
មគ្គុទ្ទេសក៍ជីវិត,មគ្គុទ្ទេសក៍ជីវិត,2026,2026-09-06,
មុខងារ-របស់-កុំព្យូទ័រ,មុខងារ​របស់​កុំព្យូទ័រ​​,2026,2026-09-15,
មុខជំនាញផ្នែកសំណង់,មុខជំនាញផ្នែកសំណង់​,2026,2026-09-15,
មូលដ្ឋានគ្រិៈទូរគមនាគមន៍អេឡិចត្រូនិចឆ្នាំទី២,មូលដ្ឋានគ្រិៈទូរគមនាគមន៍អេឡិចត្រូនិចឆ្នាំទី២,2026,2026-09-16,
មូលដ្ឋានគ្រឹះតក្កវិជ្ជា,មូលដ្ឋានគ្រឹះតក្កវិជ្ជា,2026,2026-09-16,
មូលដ្ឋានគ្រឹះទូរគមនាគមន៍,មូលដ្ឋានគ្រឹះទូរគមនាគមន៍,2026,2026-09-15,
មូលដ្ឋានគ្រឹះនៃ-arduino,មូលដ្ឋានគ្រឹះនៃ Arduino,2026,2026-09-15,
មូលដ្ឋានគ្រឹះនៃការគ្រប់គ្រប់ប្រព័ន្ធប្រតិបត្តិការ-លីនុច-linux,មូលដ្ឋានគ្រឹះនៃការគ្រប់គ្រប់ប្រព័ន្ធប្រតិបត្តិការ លីនុច(LINUX),2026,2026-09-15,
មូលដ្ឋានគ្រឹះនៃមាត្រដ្ឋាននិងខ្នាតក្នុងរូបវិទ្យា-អង់គ្លេស-03-unit,មូលដ្ឋានគ្រឹះនៃមាត្រដ្ឋាននិងខ្នាតក្នុងរូបវិទ្យា(អង់គ្លេស) 03-Unit,2026,2026-09-16,
មូលដ្ឋានគ្រឹះសម្រាប់ការអនុវត្តកម្មវិធីអប់រំបង្កើតហ្គេម,មូលដ្ឋានគ្រឹះសម្រាប់ការអនុវត្តកម្មវិធីអប់រំបង្កើតហ្គេម,2026,2026-09-15,
មេកានិក-ឌីណាមិច-និងស៊ីនេម៉ាទិច,មេកានិក(ឌីណាមិច និងស៊ីនេម៉ាទិច,2026,2026-09-16,
មេកានិកកង់ទិច,មេកានិកកង់ទិច,2026,2026-09-16,
មេកានិច,មេកានិច,2026,2026-09-15,
មេកានិច-ភាគ-១,មេកានិច ភាគ ១,2026,2026-09-16,
មេម-ៀនទី៣-ដំណ-ឹ-កនកំ-នងុ-កុ-ជាខ-តិមានផ្កា-មានគ្រាប់,មេម ៀនទី៣ ដំណ ឹ កនកំ នងុ កុ ជាខ តិមានផ្កា (មានគ្រាប់),2026,2026-09-17,
មេរៀន-python-ជាភាសាខ្មែរ,មេរៀន Python ជាភាសាខ្មែរ,2026,2026-09-15,
មេរៀន-សុខភាពបន្តពូជ-បញ្ជូលជាមួយគ្នា,មេរៀន សុខភាពបន្តពូជ (បញ្ជូលជាមួយគ្នា),2026,2026-09-16,
មេរៀនpower-point-កម្រិតខ្ពស់,មេរៀនPower Point កម្រិតខ្ពស់,2026,2026-09-15,
មេរៀនគីមីវិទ្យាថ្នាក់ទី៧,មេរៀនគីមីវិទ្យាថ្នាក់ទី៧,2026,2026-09-16,
មេរៀនគីមីវិទ្យាថ្នាក់ទី៩,មេរៀនគីមីវិទ្យាថ្នាក់ទី៩,2026,2026-09-16,
មេរៀនទី១-ចំនួនគត់,មេរៀនទី១ ចំនួនគត់,2026,2026-09-16,
មេរៀនទី១-សីតុណ្ហភាព,មេរៀនទី១ សីតុណ្ហភាព,2026,2026-09-16,
មេរៀនទី២-ការប្រើប្រាស់-google-drive,មេរៀនទី២ ការប្រើប្រាស់ Google Drive,2026,2026-09-15,
មេរៀនទី២-ច្បាប់ទី១ទែម៉ូឌីណាមិច1,មេរៀនទី២_ច្បាប់ទី១ទែម៉ូឌីណាមិច1,2026,2026-09-16,
មេរៀនទី៣-ម៉ាស៊ីន2,មេរៀនទី៣ ម៉ាស៊ីន2,2026,2026-09-16,
មេរៀនទី៣-ការប្រើប្រាស់-google-docs,មេរៀនទី៣៖ ការប្រើប្រាស់ Google Docs,2026,2026-09-15,
មេរៀនទី៥-ការប្រើប្រាស់-google-slide,មេរៀនទី៥ ការប្រើប្រាស់ Google Slide,2026,2026-09-15,
មេរៀនទី៥-ដែនម៉ាញែទិចn,មេរៀនទី៥ ដែនម៉ាញែទិចN,2026,2026-09-16,
មេរៀនទី៦-ការប្រើប្រាស់-google-form,មេរៀនទី៦ ការប្រើប្រាស់ Google Form,2026,2026-09-15,
មេរៀនទី៧-ការប្រើប្រាស់-google-meets,មេរៀនទី៧ ការប្រើប្រាស់ Google Meets,2026,2026-09-15,
មេរៀនទី៧-អូតូអាំងឌុចស្យុង,មេរៀនទី៧ អូតូអាំងឌុចស្យុង,2026,2026-09-16,
មេរៀនទី៨-ការប្រើប្រាស់-google-classroom,មេរៀនទី៨ ការប្រើប្រាស់ Google Classroom,2026,2026-09-15,
មេរៀនទី៩-ការប្រើប្រាស់កាមេរ៉ាលើទូរស័ព្ទដៃ,មេរៀនទី៩ ការប្រើប្រាស់កាមេរ៉ាលើទូរស័ព្ទដៃ,2026,2026-09-15,
មេរៀន-សង្ខេប-គណិតវិទ្យា-និង-លំហាត់-គំរូ-សម្រាប់-ជា-ជំនួយ-ដល់-សិស្,មេរៀន​សង្ខេប​គណិតវិទ្យា និង​លំហាត់​គំរូ សម្រាប់​ជា​ជំនួយ​ដល់​សិស្,2026,2026-09-17,
មេរៀន-សង្ខេប-គីមីវិទ្យា-និង-លំហាត់-គំរូ-សម្រាប់-ជា-ជំនួយ-ដល់-សិស្,មេរៀន​សង្ខេប​គីមីវិទ្យា និង​លំហាត់​គំរូ សម្រាប់​ជា​ជំនួយ​ដល់​សិស្,2026,2026-09-17,
មេរៀន-សង្ខេប-រូបវិទ្យា-និង-លំហាត់-គំរូ-សម្រាប់-ជា-ជំនួយ-ដល់-សិស្ស,មេរៀន​សង្ខេប​រូបវិទ្យា និង​លំហាត់​គំរូ សម្រាប់​ជា​ជំនួយ​ដល់​សិស្ស,2026,2026-09-17,
មេរៀនស្វ័យសិក្សា-ថ្នាក់ទី៧-ផែនដីវិទ្យា-ប្រព័ន្ធព្រះអាទិត្យ,មេរៀនស្វ័យសិក្សា ថ្នាក់ទី៧ ផែនដីវិទ្យា ប្រព័ន្ធព្រះអាទិត្យ,2026,2026-09-17,
យុទ្ធសាស្ត្របង្រៀនទំនើប,យុទ្ធសាស្ត្របង្រៀនទំនើប,2026,2026-09-04,
យុទ្ធសាស្រ្ដអប់រំឌីជីថលសម្រាប់សាលារៀន,យុទ្ធសាស្រ្ដអប់រំឌីជីថលសម្រាប់សាលារៀន,2026,2026-09-15,
យុទ្ធសាស្រ្តអប់រំឌីជីថលសម្រាប់សាលារៀន,យុទ្ធសាស្រ្តអប់រំឌីជីថលសម្រាប់សាលារៀន,2026,2026-09-15,
រង្វាស់រង្វល់ខ្មែរបុរាណនិងសម័យ,រង្វាស់រង្វល់ខ្មែរបុរាណនិងសម័យ,2026,2026-09-16,
របរបណ្តុះផ្សិតចំបើង,របរបណ្តុះផ្សិតចំបើង,2026,2026-09-17,
របាយការណ៏,របាយការណ៏,2026,2026-09-15,
របាយការណ៍ស្រាវជ្រាវ-ការសិក្សាពីចំណេះដឹង-ឥរិយាបថ-និងការអនុវត្តជាប្,របាយការណ៍ស្រាវជ្រាវ ការសិក្សាពីចំណេះដឹង ឥរិយាបថ និងការអនុវត្តជាប្,2026,2026-09-15,
របៀបបង្កើត-google-classroom-តាម-ipad-or-iphone,របៀបបង្កើត_Google_classroom_តាម_ipad_or_iphone,2026,2026-09-15,
របៀបបង្កើតform,របៀបបង្កើតform,2026,2026-09-15,
របៀប-បង្កើត-ឯកសារ-ប្រភេទ-pdf,របៀប​បង្កើត​ឯកសារ​ប្រភេទ​​PDF,2026,2026-09-15,
របៀបប្រើប្រាស់-book-creator,របៀបប្រើប្រាស់ Book Creator,2026,2026-09-15,
របៀបប្រើប្រាស់-ms-word-សម្រាប់ការងាររដ្ឋបាល,របៀបប្រើប្រាស់_Ms_Word_សម្រាប់ការងាររដ្ឋបាល,2026,2026-09-15,
របៀបប្រើប្រាស់google-form,របៀបប្រើប្រាស់google form,2026,2026-09-15,
របៀប-ប្រើ-ប្រាស់-កម្មវិធី-ស្លឹក-រិត,របៀប​ប្រើ​ប្រាស់​កម្មវិធី​ស្លឹក​រិត,2026,2026-09-15,
របៀបប្រើប្រាស់សាលារៀនឌីជីថល,របៀបប្រើប្រាស់សាលារៀនឌីជីថល,2026,2026-09-15,
របៀប-វាយ-យូនីកូដ-ខ្មែរ,របៀប​វាយ​យូនីកូដ​ខ្មែរ,2026,2026-09-15,
រលក,រលក,2026,2026-09-16,
រស្មីសំយោគ-និង-ដង្ហើម,រស្មីសំយោគ និង ដង្ហើម,2026,2026-09-16,
រូបមន្ដគណិតវិទ្យាថ្នាក់ទី12,រូបមន្ដគណិតវិទ្យាថ្នាក់ទី12,2026,2026-09-16,
រូបមន្តគីមីសង្ខេបថ្នាក់ទី១២,រូបមន្តគីមីសង្ខេបថ្នាក់ទី១២,2026,2026-09-16,
រូបមន្តសង្ខេបរូបវិទ្យាថ្នាក់ទី១២,រូបមន្តសង្ខេបរូបវិទ្យាថ្នាក់ទី១២,2026,2026-09-16,
រូបវិទ្យា,រូបវិទ្យា,2026,2026-09-16,
រូបវិទ្យា-ថ្នាក់ទី-១២,រូបវិទ្យា ថ្នាក់ទី ១២,2026,2026-09-17,
រូបវិទ្យា-ថ្នាក់ទី១២,រូបវិទ្យា ថ្នាក់ទី១២,2026,2026-09-16,
រូបវិទ្យា-ថ្នាក់ទី-៧-ជំពូកទី-៣-មេរៀន-ទី-១-បន្ទុកអគ្គិសនី,រូបវិទ្យា ថ្នាក់ទី​៧ ជំពូកទី​៣ មេរៀន​ទី​១៖ បន្ទុកអគ្គិសនី,2026,2026-09-17,
រូបវិទ្យា-ថ្នាក់-ទី-៧-មេរៀន-ទី-១-សម្ពាធនៃអង្គធាតុរឹង,រូបវិទ្យា ថ្នាក់​ទី​៧ មេរៀន​ទី​១៖ ​សម្ពាធនៃអង្គធាតុរឹង,2026,2026-09-17,
រូបវិទ្យា-ថ្នាក់-ទី-៧-មេរៀន-ទី-២-ការរីក-នៃ-អង្គធាតុ,រូបវិទ្យា ថ្នាក់​ទី​៧ មេរៀន​ទី​២៖ ​ការរីក​នៃ​អង្គធាតុ,2026,2026-09-17,
រូបវិទ្យា-ថ្នាក់-ទី-៧-មេរៀន-ទី-៣-បរិមាណ-កម្ដៅ,រូបវិទ្យា ថ្នាក់​ទី​៧ មេរៀន​ទី​៣៖ ​បរិមាណ​កម្ដៅ,2026,2026-09-17,
រូបវិទ្យា-ថ្នាក់ទី-៨-ជំពូកទី-២-មេរៀន-ទី-៣-ច្បាប់ញូតុន,រូបវិទ្យា ថ្នាក់ទី​៨ ជំពូកទី​២ មេរៀន​ទី​៣៖ ច្បាប់ញូតុន,2026,2026-09-17,
រូបវិទ្យា-ថ្នាក់-ទី-៨-មេរៀន-ទី-២-ទំនួលសូរ,រូបវិទ្យា ថ្នាក់​ទី​៨ មេរៀន​ទី​២៖ ​ទំនួលសូរ,2026,2026-09-17,
រូបវិទ្យា-ថ្នាក់-ទី-៨-មេរៀន-ទី-២-ល្បឿន-ខណៈ-និង-សំទុះ,រូបវិទ្យា ថ្នាក់​ទី​៨ មេរៀន​ទី​២៖ ​ល្បឿន​ខណៈ និង​សំទុះ,2026,2026-09-17,
រូបវិទ្យា-ថ្នាក់-ទី-៨-មេរៀន-ទី-៣-ចំណាំងផ្លាតសូរ-និងសូរខ្ទរ,រូបវិទ្យា ថ្នាក់​ទី​៨ មេរៀន​ទី​៣៖ ​ចំណាំងផ្លាតសូរ និងសូរខ្ទរ,2026,2026-09-17,
រូបវិទ្យា-ថ្នាក់-ទី-៨-មេរៀន-ទី-៣-ទន្លាក់-សេរី,រូបវិទ្យា ថ្នាក់​ទី​៨ មេរៀន​ទី​៣៖ ​ទន្លាក់​សេរី,2026,2026-09-17,
រូបវិទ្យា-ថ្នាក់-ទី-៩-មេរៀន-ទី-១-ដំណាលត្រង់នៃពន្លឺ,រូបវិទ្យា ថ្នាក់​ទី​៩ មេរៀន​ទី​១៖ ​ដំណាលត្រង់នៃពន្លឺ,2026,2026-09-16,
រូបវិទ្យា-ថ្នាក់-ទី-៩-មេរៀន-ទី-២-ចំណាំងផ្លាតនៃពន្លឺ,រូបវិទ្យា ថ្នាក់​ទី​៩ មេរៀន​ទី​២៖ ​ចំណាំងផ្លាតនៃពន្លឺ,2026,2026-09-16,
រូបវិទ្យា-ថ្នាក់-ទី-៩-មេរៀន-ទី-៤-រ៉ក-និង-ត្រឺយ,រូបវិទ្យា ថ្នាក់​ទី​៩ មេរៀន​ទី​៤៖ ​រ៉ក និង​ត្រឺយ,2026,2026-09-16,
រូបវិទ្យា-បណ្តុំវិទ្យាសាស្ត្រពិត,រូបវិទ្យា បណ្តុំវិទ្យាសាស្ត្រពិត,2026,2026-09-16,
រូបវិទ្យា-បណ្តុំវិទ្យាសាស្ត្រសង្គម,រូបវិទ្យា បណ្តុំវិទ្យាសាស្ត្រសង្គម,2026,2026-09-16,
រូបវិទ្យាទំនើប-ភាគ១,រូបវិទ្យាទំនើប ភាគ១,2026,2026-09-16,
រូបវិទ្យាទូទៅ,រូបវិទ្យាទូទៅ,2026,2026-09-16,
រូបវិទ្យាអង្គធាតុរឹង,រូបវិទ្យាអង្គធាតុរឹង,2026,2026-09-16,
រូបវិទ្យាអាតូម-និងម៉ូលេគុល,រូបវិទ្យាអាតូម និងម៉ូលេគុល,2026,2026-09-16,
រៀនធ្វើវិញ្ញាសា,រៀនធ្វើវិញ្ញាសា,2026,2026-09-16,
រៀន-ប្រើ-អ៊ីនធឺណិត-ឱ្យ-ចេះ,រៀន​ប្រើ​អ៊ីនធឺណិត​ឱ្យ​ចេះ,2026,2026-09-15,
លទ្ធផលនៃការអនុវត្តកញ្ចប់សម្ភារៈគណិតវិទ្យាថ្នាក់ដំបូង,លទ្ធផលនៃការអនុវត្តកញ្ចប់សម្ភារៈគណិតវិទ្យាថ្នាក់ដំបូង,2026,2026-09-17,
លំហាត់-កុំផ្លិច-ហូ-សេរី,លំហាត់ កុំផ្លិច ហូ សេរី,2026,2026-09-16,
លំហាត់គណិតវិទ្យាជ្រើសរើសសិស្សពូកែថ្នាក់ទី១២,លំហាត់គណិតវិទ្យាជ្រើសរើសសិស្សពូកែថ្នាក់ទី១២,2026,2026-09-16,
លំហាត់គណិតវិទ្យាមានរូប-៣៦០,លំហាត់គណិតវិទ្យាមានរូប ៣៦០,2026,2026-09-16,
លំហាត់គណិតវិទ្យាសម្រាប់សិស្សពូកែ,លំហាត់គណិតវិទ្យាសម្រាប់សិស្សពូកែ,2026,2026-09-16,
លំហាត់គណិតវិទ្យាសម្រាប់សិស្សពូកែថ្នាក់ទី9,លំហាត់គណិតវិទ្យាសម្រាប់សិស្សពូកែថ្នាក់ទី9,2026,2026-09-17,
លំហាត់ដែលកែឆ្នៃពីលំហាត់បាក់ឌុបចាប់ពីឆ្នាំ-២០០២-ដល់-២០២៥,លំហាត់ដែលកែឆ្នៃពីលំហាត់បាក់ឌុបចាប់ពីឆ្នាំ ២០០២ ដល់ ២០២៥,2026,2026-09-16,
លំហាត់ថ្នាក់ទី៩-១ដល់៥,លំហាត់ថ្នាក់ទី៩-១ដល់៥,2026,2026-09-16,
លំហាត់មេរៀនរូបវិទ្យាថ្នាក់ទី៨,លំហាត់មេរៀនរូបវិទ្យាថ្នាក់ទី៨,2026,2026-09-16,
លំហាត់រូបវិទ្យា,លំហាត់រូបវិទ្យា,2026,2026-09-16,
លំហាត់ស្រាវជ្រាវគណិតវិទ្យា-ថ្នាក់ទី-១១,លំហាត់ស្រាវជ្រាវគណិតវិទ្យា​ ថ្នាក់ទី ១១,2026,2026-09-16,
លំហាត់អនុគមន៍,លំហាត់អនុគមន៍,2026,2026-09-16,
លីមីត,លីមីត,2026,2026-09-16,
លីមីត-និង-ដេរីវេ-ថ្នាក់ទី១១,លីមីត និង ដេរីវេ​ ថ្នាក់ទី១១,2026,2026-09-16,
លីមីត-និងភាពជាប់នៃអនុគមន៍,លីមីត និងភាពជាប់នៃអនុគមន៍,2026,2026-09-16,
លីមីត-នឹង-ភាពជាប់នៃអនុគមន៍,លីមីត នឹង ភាពជាប់នៃអនុគមន៍,2026,2026-09-16,
លីមីតនៃអនុគមន៍,លីមីតនៃអនុគមន៍,2026,2026-09-16,
លីមីតនៃអនុគមន៍-1,លីមីតនៃអនុគមន៍,2026,2026-09-16,
ល្បិចដោះស្រាយចំណោទធរណីមាត្រ,ល្បិចដោះស្រាយចំណោទធរណីមាត្រ,2026,2026-09-16,
វគ្គបណ្តុះបណ្តាល-ស្តីពីការប្រើ-blookit-ជាល្បែង-សិក្សាសម្រាប់បង្រៀ,វគ្គបណ្តុះបណ្តាល ស្តីពីការប្រើ Blookit ជាល្បែង សិក្សាសម្រាប់បង្រៀ,2026,2026-09-15,
វចនានុក្រមគណិតវិទ្យា,វចនានុក្រមគណិតវិទ្យា,2026,2026-09-16,
វ៉ិចទ័រ,វ៉ិចទ័រ,2026,2026-09-16,
វ៉ិចទ័រក្នុងលំហ,វ៉ិចទ័រក្នុងលំហ,2026,2026-09-16,
វិញ្ញសាគីមីថ្នាក៊ទី១២,វិញ្ញសាគីមីថ្នាក៊ទី១២,2026,2026-09-16,
វិញ្ញសាត្រៀមប្រឡងបាក់ឌុប-គណិតវិទ្យា-វិទ្យាសាស្ត្រ,វិញ្ញសាត្រៀមប្រឡងបាក់ឌុប គណិតវិទ្យា(វិទ្យាសាស្ត្រ),2026,2026-09-16,
វិញ្ញាសាគណិតវិទ្យា,វិញ្ញាសាគណិតវិទ្យា,2026,2026-09-16,
វិញ្ញាសាគណិតវិទ្យា-ដែលធ្លាប់ចេញប្រឡងពីឆ្នាំ-២០០២-ដល់-២០២៥,វិញ្ញាសាគណិតវិទ្យា ដែលធ្លាប់ចេញប្រឡងពីឆ្នាំ ២០០២ ដល់ ២០២៥,2026,2026-09-16,
វិញ្ញាសាគណិតវិទ្យា-ដែលធ្លាប់ចេញប្រឡងពីឆ្នាំ-២០១១-ដល់-២០២៥,វិញ្ញាសាគណិតវិទ្យា ដែលធ្លាប់ចេញប្រឡងពីឆ្នាំ ២០១១ ដល់ ២០២៥,2026,2026-09-16,
វិញ្ញាសាគណិតវិទ្យាត្រៀមប្រឡងបាក់ឌុប,វិញ្ញាសាគណិតវិទ្យាត្រៀមប្រឡងបាក់ឌុប,2026,2026-09-16,
វិញ្ញាសាគណិតវិទ្យាថ្នាក់ទី១២,វិញ្ញាសាគណិតវិទ្យាថ្នាក់ទី១២,2026,2026-09-16,
វិញ្ញាសា-គណិតវិទ្យា-សម្រាប់-ត្រៀម-ប្រឡង-បាក់-ឌុប-0១,វិញ្ញាសា​គណិតវិទ្យា​សម្រាប់​ត្រៀម​ប្រឡង​បាក់​ឌុប 0១,2026,2026-09-17,
វិញ្ញាសាគីមីវិទ្យា,វិញ្ញាសាគីមីវិទ្យា,2026,2026-09-16,
វិញ្ញាសាជីវវិទ្យា-ថ្នាក់ទី៩,វិញ្ញាសាជីវវិទ្យា ថ្នាក់ទី៩,2026,2026-09-16,
វិញ្ញាសាជីវវិទ្យា-ប្រឡងបាក់ឌុប,វិញ្ញាសាជីវវិទ្យា ប្រឡងបាក់ឌុប,2026,2026-09-16,
វិញ្ញាសាជ្រើសរើសពិសេសគណិតវិទ្យា,វិញ្ញាសាជ្រើសរើសពិសេសគណិតវិទ្យា,2026,2026-09-16,
វិញ្ញាសាត្រៀមប្រឡង២០២៣-២០២៤,វិញ្ញាសាត្រៀមប្រឡង២០២៣-២០២៤,2026,2026-09-16,
វិញ្ញាសាត្រៀមប្រឡង-គណិតវិទ្យា-ថ្នាក់ទី៩,វិញ្ញាសាត្រៀមប្រឡង​គណិតវិទ្យា ថ្នាក់ទី៩,2026,2026-09-16,
វិញ្ញាសាត្រៀម-ប្រឡង-បាក់ឌុប,វិញ្ញាសាត្រៀម​ប្រឡង​បាក់ឌុប,2026,2026-09-16,
វិញ្ញាសាត្រៀមប្រឡងបាក់ឌុប-ជីវវិទ្យា,វិញ្ញាសាត្រៀមប្រឡងបាក់ឌុប «ជីវវិទ្យា»,2026,2026-09-16,
វិញ្ញាសាថ្មី-ធ្វើឡើងដោយ-ម៉ាសៀវហ្វុង,វិញ្ញាសាថ្មី ធ្វើឡើងដោយ ម៉ាសៀវហ្វុង,2026,2026-09-16,
វិញ្ញាសាថ្មី២០២៣ទុកគណនា,វិញ្ញាសាថ្មី២០២៣ទុកគណនា,2026,2026-09-16,
វិញ្ញាសាធ្លាប់ប្រឡងបាក់ឌុប-គណិតវិទ្យា-ថ្នាក់ទី១២-វិទ្យាសាស្ត្រ,វិញ្ញាសាធ្លាប់ប្រឡងបាក់ឌុប គណិតវិទ្យា ថ្នាក់ទី១២ (វិទ្យាសាស្ត្រ),2026,2026-09-16,
វិញ្ញាសាបាក់ឌុប២០២៣,វិញ្ញាសាបាក់ឌុប២០២៣,2026,2026-09-16,
វិញ្ញាសាប្រឡងគ្រូអនុ-២០០២ដល់២០១៩,វិញ្ញាសាប្រឡងគ្រូអនុ_២០០២ដល់២០១៩,2026,2026-09-16,
វិញ្ញាសាប្រឡងឌីប្លូម,វិញ្ញាសាប្រឡងឌីប្លូម,2026,2026-09-15,
វិញ្ញាសាប្រឡងបាក់ឌុប-២០០៣ដល់២០២៣,វិញ្ញាសាប្រឡងបាក់ឌុប_២០០៣ដល់២០២៣,2026,2026-09-16,
វិញ្ញាសាប្រឡងសញ្ញាបត្របឋមភូមិ-១៩៨១-២០២០,វិញ្ញាសាប្រឡងសញ្ញាបត្របឋមភូមិ ១៩៨១-២០២០,2026,2026-09-16,
វិញ្ញាសាប្រឡងសិស្សពូកែថ្នាក់ទី១២,វិញ្ញាសាប្រឡងសិស្សពូកែថ្នាក់ទី១២,2026,2026-09-16,
វិញ្ញាសាប្រឡងសិស្សពូកែថ្នាក់ទី១២-ខេត្តព្រៃវែង,វិញ្ញាសាប្រឡងសិស្សពូកែថ្នាក់ទី១២_ខេត្តព្រៃវែង,2026,2026-09-16,
វិញ្ញាសាប្រអឡងគ្រូបឋម-២០០២ដល់២០១៩,វិញ្ញាសាប្រអឡងគ្រូបឋម_២០០២ដល់២០១៩,2026,2026-09-16,
វិញ្ញាសារត្រៀមប្រឡងបាក់ឌុប,វិញ្ញាសារត្រៀមប្រឡងបាក់ឌុប​​,2026,2026-09-16,
វិញ្ញាសារូបវិទ្យា,វិញ្ញាសារូបវិទ្យា,2026,2026-09-16,
វិញ្ញាសារូបវិទ្យាថ្នាក់ទី៩,វិញ្ញាសារូបវិទ្យាថ្នាក់ទី៩,2026,2026-09-16,
វិញ្ញាសាអាហារូបករណ៍សិក្សានៅប្រទេសចិន-២០០២ដល់២០២០,វិញ្ញាសាអាហារូបករណ៍សិក្សានៅប្រទេសចិន_២០០២ដល់២០២០,2026,2026-09-17,
វិទ្យាសាស្ត្រ-ថ្នាក់ទី៥,វិទ្យាសាស្ត្រ ថ្នាក់ទី៥,2026,2026-09-16,
វិទ្យាសាស្ត្រ-ថ្នាក់ទី៦,វិទ្យាសាស្ត្រ ថ្នាក់ទី៦,2026,2026-09-16,
វិទ្យាសាស្ត្រ-ថ្នាក់ទី៧,វិទ្យាសាស្ត្រ ថ្នាក់ទី៧,2026,2026-09-16,
វិទ្យាសាស្ត្រ-សិក្សាសង្គម-ថ្នាក់ទី១,វិទ្យាសាស្ត្រ-សិក្សាសង្គម ថ្នាក់ទី១,2026,2026-09-16,
វិទ្យាសាស្ត្រ-សិក្សាសង្គម-ថ្នាក់ទី២,វិទ្យាសាស្ត្រ-សិក្សាសង្គម ថ្នាក់ទី២,2026,2026-09-16,
វិទ្យាសាស្ត្រ-សិក្សាសង្គម-ថ្នាក់ទី៣,វិទ្យាសាស្ត្រ-សិក្សាសង្គម ថ្នាក់ទី៣,2026,2026-09-16,
វិទ្យាសាស្ត្រា-ថ្នាក់ទី៤,វិទ្យាសាស្ត្រា ថ្នាក់ទី៤,2026,2026-09-16,
វិធីគុណ,វិធីគុណ,2026,2026-09-16,
វិធីសាស្ដ្របង្រៀនតាមបែបរិះរក-និង-5es-គណិតវិទ្យា,វិធីសាស្ដ្របង្រៀនតាមបែបរិះរក និង 5Es - គណិតវិទ្យា,2026,2026-09-16,
វិធីសាស្ដ្របង្រៀនតាមបែបរិះរក-និង-5es-ជីវវិទ្យា,វិធីសាស្ដ្របង្រៀនតាមបែបរិះរក និង 5Es - ជីវវិទ្យា,2026,2026-09-16,
វិធីសាស្ត្រធ្វើបទបង្ហាញគម្រោងអាជីវកម្មបង្កើតថ្មី-startups-ទៅកាន,វិធីសាស្ត្រធ្វើបទបង្ហាញគម្រោងអាជីវកម្មបង្កើតថ្មី (Startups) ទៅកាន,2026,2026-09-15,
វិធីសាស្ត្រនៃការបង្រៀនស្ទែម-stem,វិធីសាស្ត្រនៃការបង្រៀនស្ទែម (STEM),2026,2026-09-16,
វិធីសាស្ត្របង្រៀន-ibl-និង5e-មុខវិជ្ជាគីមីវិទ្យា,វិធីសាស្ត្របង្រៀន IBL និង5E មុខវិជ្ជាគីមីវិទ្យា,2026,2026-09-16,
វិធីសាស្ត្របង្រៀនតាមបែបដោះស្រាយបញ្ហា,វិធីសាស្ត្របង្រៀនតាមបែបដោះស្រាយបញ្ហា,2026,2026-09-16,
វិធីសាស្ត្របង្រៀនតាមបែបវិទ្យាសាស្ត្រ,វិធីសាស្ត្របង្រៀនតាមបែបវិទ្យាសាស្ត្រ,2026,2026-09-16,
វិធីសាស្ត្រ-បង្រៀន-និង-ការ-ប្រើប្រស់-កញ្ចប់-សម្ភរៈគណិតវិទយា-ថ្នក់,វិធីសាស្ត្រ​បង្រៀន​និង​ការ​ប្រើប្រស់​កញ្ចប់​សម្ភរៈគណិតវិទយា​ថ្នក់,2026,2026-09-17,
វិធីសាស្ត្របង្រៀនវិស្វកម្មកុំព្យូទ័រ,វិធីសាស្ត្របង្រៀនវិស្វកម្មកុំព្យូទ័រ,2026,2026-09-15,
វិធីសាស្ត្របរិយាយ-story-telling,វិធីសាស្ត្របរិយាយ Story Telling,2026,2026-09-04,
វិធីសាស្រ្ដបង្រៀនបែបសកម្ម,វិធីសាស្រ្ដបង្រៀនបែបសកម្ម,2026,2026-09-16,
វិធីសាស្រ្តដែលគេ-hack-telegram-និង-ការការពារ,វិធីសាស្រ្តដែលគេ Hack Telegram និង ការការពារ,2026,2026-09-15,
វិធីសាស្រ្តដោះស្រាយសមីការឌីផេរ៉ង់ស្យែល,វិធីសាស្រ្តដោះស្រាយសមីការឌីផេរ៉ង់ស្យែល,2026,2026-09-16,
វិធីសាស្រ្តបង្រៀនតាមបែប-5e,វិធីសាស្រ្តបង្រៀនតាមបែប 5E,2026,2026-09-16,
វិធីសាស្រ្តបង្រៀនតាមបែបរិះរក,វិធីសាស្រ្តបង្រៀនតាមបែបរិះរក,2026,2026-09-16,
វិធីសាស្រ្តបង្រៀនតាមបែបសហការ,វិធីសាស្រ្តបង្រៀនតាមបែបសហការ,2026,2026-09-16,
វិធីសាស្រ្តប្រើប័ណ្ណតូចៗជាមួយកុមារ,វិធីសាស្រ្តប្រើប័ណ្ណតូចៗជាមួយកុមារ,2026,2026-09-17,
វិសមីការនិងប្រព័ន្ធវវិសមីការ,វិសមីការនិងប្រព័ន្ធវវិសមីការ,2026,2026-09-16,
សកលចិន្តា-ធម្មបាល,សកលចិន្តា ធម្មបាល,2026,2026-09-06,
សង្ខេបមូលដ្ឋានគ្រឹះគណិតវិទ្យាសម្រាប់រូបវិទ្យា-ភាសាអង់គ្លេស-01-ba,សង្ខេបមូលដ្ឋានគ្រឹះគណិតវិទ្យាសម្រាប់រូបវិទ្យា(ភាសាអង់គ្លេស) 01-Ba,2026,2026-09-16,
សង្ខេបរូបមន្ដរូបវិទ្យាថ្នាក់ទី-១២,សង្ខេបរូបមន្ដរូបវិទ្យាថ្នាក់ទី ១២,2026,2026-09-16,
សំណួរចម្លើយ-ប្រវត្តិវិទ្យា-ជីវវិទ្យា-រូបវិទ្យា-ថ្នាក់ទី១២,សំណួរចម្លើយ(ប្រវត្តិវិទ្យា ជីវវិទ្យា រូបវិទ្យា)ថ្នាក់ទី១២,2026,2026-09-16,
សំណួរចម្លើយជីវ,សំណួរចម្លើយជីវ.,2026,2026-09-16,
សំណួរចម្លើយជីវវិទ្យាទី១២,សំណួរចម្លើយជីវវិទ្យាទី១២,2026,2026-09-16,
សំណួរតេស្តគំរូនៃកម្មវិធីអន្តរជាតិ-pisa-គីមីវិទ្យា-ថ្នាក់ទី៧-សម,សំណួរតេស្តគំរូនៃកម្មវិធីអន្តរជាតិ (PISA) គីមីវិទ្យា ថ្នាក់ទី៧ (សម,2026,2026-09-16,
សំណួរតេស្តគំរូនៃកម្មវិធីអន្តរជាតិ-pisa-រូបវិទ្យា-ថ្នាក់ទី៧-សម្រា,សំណួរតេស្តគំរូនៃកម្មវិធីអន្តរជាតិ (PISA)រូបវិទ្យា ថ្នាក់ទី៧(សម្រា,2026,2026-09-16,
សំណួរតេស្តគំរូនៃកម្មវិធីអន្តរជាតិ-pisa-ជីវវិទ្យា-ថ្នាក់ទី-៧-សម្,សំណួរតេស្តគំរូនៃកម្មវិធីអន្តរជាតិ(PISA) ជីវវិទ្យា ថ្នាក់ទី ៧ (សម្,2026,2026-09-16,
សំណួរតេស្តគំរូនៃកម្មវិធីអន្តរជាតិ-pisa-រូបវិទ្យា-ថ្នាក់ទី-៨-សម្,សំណួរតេស្តគំរូនៃកម្មវិធីអន្តរជាតិ(PISA) រូបវិទ្យា ថ្នាក់ទី ៨ (សម្,2026,2026-09-16,
សំណួរតេស្តគំរូនៃកម្មវិធីអន្តរជាតិ-pisa-រូបវិទ្យា-ថ្នាក់ទី-៨-សម្-1,សំណួរតេស្តគំរូនៃកម្មវិធីអន្តរជាតិ(PISA) រូបវិទ្យា ថ្នាក់ទី ៨ (សម្,2026,2026-09-16,
សត្រាប់រត្ររៀមត្របឡងសញ្ញាបត្ររមធ្យមសិក្សាទុរិយភូមិ,សត្រាប់រត្ររៀមត្របឡងសញ្ញាបត្ររមធ្យមសិក្សាទុរិយភូមិ,2026,2026-09-16,
សទ្ទានុក្រម-វិទ្យាសាស្ត្រ-និង-បច្ចេកវិទ្យា-ខ្មែរ-អង់គ្លេស-បារាំង,សទ្ទានុក្រម​វិទ្យាសាស្ត្រ និង បច្ចេកវិទ្យា ខ្មែរ-អង់គ្លេស-បារាំង,2026,2026-09-15,
សទ្ទានុក្រមវិទ្យាសាស្ត្រ-និងបច្ចេកវិទ្យា-ខ្មែរ-អង់គ្លេស-បារំាង,សទ្ទានុក្រមវិទ្យាសាស្ត្រ និងបច្ចេកវិទ្យា ខ្មែរ-អង់គ្លេស-បារំាង,2026,2026-09-16,
សន្ទានុក្រមកាប្រែប្រួលអាកាសធាតុ,សន្ទានុក្រមកាប្រែប្រួលអាកាសធាតុ,2026,2026-09-16,
សន្ទានុក្រមពាក្យថ្មី,សន្ទានុក្រមពាក្យថ្មី,2026,2026-09-06,
សព្ទវចនាធិប្បាយផែនដី-និងបរិស្ថានវិទ្យា,សព្ទវចនាធិប្បាយផែនដី និងបរិស្ថានវិទ្យា,2026,2026-09-16,
សមីការឌីផេរ៉ង់ស្យែល,សមីការឌីផេរ៉ង់ស្យែល,2026,2026-09-16,
សមីការត្រីកោណមាត្រ-សម្រាប់ថ្នាក់ទី-១១-និង-១២,សមីការត្រីកោណមាត្រ សម្រាប់ថ្នាក់ទី ១១​ និង​ ១២​,2026,2026-09-16,
សម្ព័ន្ធហ្គេមដើម្បីការផ្លាស់ប្ដូរ-game-changers-coalition,សម្ព័ន្ធហ្គេមដើម្បីការផ្លាស់ប្ដូរ Game Changers Coalition,2026,2026-09-15,
សម្ភារៈសំណង់,សម្ភារៈសំណង់,2026,2026-09-15,
សរីរវិទ្យារុក្ខជាតិ,សរីរវិទ្យារុក្ខជាតិ,2026,2026-09-16,
សាលាឌីជីថល,សាលាឌីជីថល,2026,2026-09-15,
សិក្ខាសាលាស្ដីពីការចែករំលែកឧត្តមានុវត្តនៃការអនុវត្តកញ្ចប់សម្ភារៈអ,សិក្ខាសាលាស្ដីពីការចែករំលែកឧត្តមានុវត្តនៃការអនុវត្តកញ្ចប់សម្ភារៈអ,2026,2026-09-17,
សិក្សាសង្គម-ថ្នាក់ទី៧,សិក្សាសង្គម ថ្នាក់ទី៧,2026,2026-09-16,
សិក្សាអនុគមន៍,សិក្សាអនុគមន៍,2026,2026-09-16,
សិល្បៈនៃការគិតគណិតវិទ្យា,សិល្បៈនៃការគិតគណិតវិទ្យា,2026,2026-09-16,
សិស្សពូកែថ្នាក់ទី៩-១៩៩៧ដល់២០២៣,សិស្សពូកែថ្នាក់ទី៩_១៩៩៧ដល់២០២៣,2026,2026-09-16,
សុខភាពនៅក្នុងដៃរបស់យើង-សម្រាប់វិទ្យាសាស្ត្រជីវវិទ្យា,សុខភាពនៅក្នុងដៃរបស់យើង សម្រាប់វិទ្យាសាស្ត្រជីវវិទ្យា,2026,2026-08-28,
សុវត្ថិភាពកុមារតាមប្រព័ន្ធអនឡាញសម្រាប់កុមារវ័យជំទង់-ឬសិស្សមធ្យមសិ-1,សុវត្ថិភាពកុមារតាមប្រព័ន្ធអនឡាញសម្រាប់កុមារវ័យជំទង់ ឬសិស្សមធ្យមសិ,2026,2026-09-15,
សុវត្ថិភាពកុមារតាមប្រព័ន្ធអនឡាញសម្រាប់កុមារវ័យជំទង់-ឬសិស្សមធ្យមសិ,សុវត្ថិភាពកុមារតាមប្រព័ន្ធអនឡាញសម្រាប់កុមារវ័យជំទង់ ឬសិស្សមធ្យមសិ,2026,2026-09-15,
សុវត្ថិភាពអនឡាញសម្រាប់កុមារ-សៀវភៅគ្រូ,សុវត្ថិភាពអនឡាញសម្រាប់កុមារ (សៀវភៅគ្រូ),2026,2026-09-15,
សុវត្ថិភាពអនឡាញសម្រាប់កុមារ-សៀវភៅសិស្ស,សុវត្ថិភាពអនឡាញសម្រាប់កុមារ (សៀវភៅសិស្ស),2026,2026-09-15,
សៀគ្វីឌីជីថល,សៀគ្វីឌីជីថល,2026,2026-09-15,
សៀគ្វីឌីជីថល-digital-circuits,សៀគ្វីឌីជីថល DIGITAL CIRCUITS,2026,2026-09-15,
សៀគ្វី-អគ្គិសនី-ដំណើរ-ការ-សៀគ្វី,សៀគ្វី​អគ្គិសនី​ ៖ ​ដំណើរ​ការ​សៀគ្វី​,2026,2026-09-16,
សៀភៅ-programming-arduino-ide,សៀភៅ Programming Arduino IDE,2026,2026-09-16,
សៀភៅ-ការសរសេរកម្មវិធីកុំព្យូទ័រឆ្នាំទី៣-ភាគ២,សៀភៅ ការសរសេរកម្មវិធីកុំព្យូទ័រឆ្នាំទី៣ ភាគ២,2026,2026-09-16,
សៀភៅ-វិទ្យាសាស្រ្តដំណាំ,សៀភៅ វិទ្យាសាស្រ្តដំណាំ,2026,2026-09-16,
សៀភៅអាហាររូបត្ថម្ភនិងសុខភាព,សៀភៅអាហាររូបត្ថម្ភនិងសុខភាព,2026,2026-09-16,
សៀវភោណែនាំបច្ចេកទេសស្ដីពី-ការចិញ្ចឹមកង្កែបក្នុងអាង,សៀវភោណែនាំបច្ចេកទេសស្ដីពី៖ ការចិញ្ចឹមកង្កែបក្នុងអាង,2026,2026-09-15,
សៀវភៅ-typing-សម្រាប់អ្នករៀនកុំព្យូទ័រដំបូង-អ្នកមិនទាន់ចេះកុំព្យូទ,សៀវភៅ Typing សម្រាប់អ្នករៀនកុំព្យូទ័រដំបូង អ្នកមិនទាន់ចេះកុំព្យូទ,2026,2026-09-15,
សៀវភៅ-កុំព្យូទ័រជំនាញរដ្ឋបាល,សៀវភៅ កុំព្យូទ័រជំនាញរដ្ឋបាល,2026,2026-09-15,
សៀវភៅ-កូនស្វាឆ្លាត-ប១-មេរៀនទី១-ដល់-ទី៣,សៀវភៅ កូនស្វាឆ្លាត ប១ មេរៀនទី១ ដល់ ទី៣,2026,2026-09-17,
សៀវភៅ-កូនស្វាឆ្លាត-ប៣-មេរៀនទី៨-ដល់-ទី១០,សៀវភៅ កូនស្វាឆ្លាត ប៣ មេរៀនទី៨ ដល់ ទី១០,2026,2026-09-17,
សៀវភៅ-កូនស្វាឆ្លាត-ប៤-មេរៀនទី១១-ដល់-ទី១៣,សៀវភៅ កូនស្វាឆ្លាត ប៤ មេរៀនទី១១ ដល់ ទី១៣,2026,2026-09-17,
សៀវភៅ-គណិតវិទ្យាថ្នាក់ទី១២,សៀវភៅ គណិតវិទ្យាថ្នាក់ទី១២,2026,2026-09-16,
សៀវភៅ-គីមីវិទ្យា,សៀវភៅ គីមីវិទ្យា,2026,2026-09-16,
សៀវភៅ-ត្រួតពិនិត្យសត្វ-និងសាច់,សៀវភៅ ត្រួតពិនិត្យសត្វ​ និងសាច់,2026,2026-09-16,
សៀវភៅ-មូលដ្ឋាន-excel-2016-សម្រាប់ការរៀនដោយខ្លួនឯង,សៀវភៅ មូលដ្ឋាន Excel 2016 សម្រាប់ការរៀនដោយខ្លួនឯង,2026,2026-09-15,
សៀវភៅ-មេរៀន-ms-excel,សៀវភៅ មេរៀន Ms Excel,2026,2026-09-15,
សៀវភៅ-សាកវប្បកម្មក្នុងផ្ទះបៃតង,សៀវភៅ សាកវប្បកម្មក្នុងផ្ទះបៃតង,2026,2026-09-16,
សៀវភៅ-ស៊េរីនៃចំនួន-numerical-series,សៀវភៅ ស៊េរីនៃចំនួន (Numerical Series),2026,2026-09-16,
សៀវភៅ-microsoft-excel-ដោយក្រសួងសេដ្ឋកិច្ច,សៀវភៅ_Microsoft_Excel_ដោយក្រសួងសេដ្ឋកិច្ច,2026,2026-09-15,
សៀវភៅកិច្ចការផ្ទះ-គណិតវិទ្យា-ថ្នាក់ទី១០-ភាគ១,សៀវភៅកិច្ចការផ្ទះ គណិតវិទ្យា (ថ្នាក់ទី១០) ភាគ១,2026,2026-09-16,
សៀវភៅកិច្ចការផ្ទះ-គណិតវិទ្យា-ថ្នាក់ទី១១-ភាគ១,សៀវភៅកិច្ចការផ្ទះ គណិតវិទ្យា (ថ្នាក់ទី១១) ភាគ១,2026,2026-09-16,
សៀវភៅកិច្ចការផ្ទះ-គណិតវិទ្យា-ថ្នាក់ទី១១-ភាគ២,សៀវភៅកិច្ចការផ្ទះ គណិតវិទ្យា (ថ្នាក់ទី១១) ភាគ២,2026,2026-09-16,
សៀវភៅកិច្ចការផ្ទះ-គណិតវិទ្យា-ថ្នាក់ទី១២,សៀវភៅកិច្ចការផ្ទះ គណិតវិទ្យា (ថ្នាក់ទី១២),2026,2026-09-16,
សៀវភៅកិច្ចការផ្ទះ-គណិតវិទ្យា-ថ្នាក់ទី៧,សៀវភៅកិច្ចការផ្ទះ គណិតវិទ្យា (ថ្នាក់ទី៧),2026,2026-09-16,
សៀវភៅកិច្ចការផ្ទះ-គណិតវិទ្យា-ថ្នាក់ទី៨,សៀវភៅកិច្ចការផ្ទះ គណិតវិទ្យា (ថ្នាក់ទី៨),2026,2026-09-16,
សៀវភៅកិច្ចការផ្ទះគណិតវិទ្យ,សៀវភៅកិច្ចការផ្ទះគណិតវិទ្យ,2026,2026-09-16,
សៀវភៅកិច្ចការផ្ទះគណិតវិទ្យាថ្នាក់ទី១០-ភាគ-០២,សៀវភៅកិច្ចការផ្ទះគណិតវិទ្យាថ្នាក់ទី១០ (ភាគ ០២),2026,2026-09-16,
សៀវភៅកិច្ចការផ្ទះគណិតវិទ្យាថ្នាក់ទី៧,សៀវភៅកិច្ចការផ្ទះគណិតវិទ្យាថ្នាក់ទី៧,2026,2026-09-16,
សៀវភៅកិច្ចការផ្ទះគណិតវិទ្យាថ្នាក់ទី៩-1,សៀវភៅកិច្ចការផ្ទះគណិតវិទ្យាថ្នាក់ទី៩,2026,2026-09-16,
សៀវភៅកិច្ចការផ្ទះគណិតវិទ្យាថ្នាក់ទី៩-2,សៀវភៅកិច្ចការផ្ទះគណិតវិទ្យាថ្នាក់ទី៩,2026,2026-09-16,
សៀវភៅកិច្ចការផ្ទះគណិតវិទ្យាថ្នាក់ទី៩,សៀវភៅកិច្ចការផ្ទះគណិតវិទ្យាថ្នាក់ទី៩,2026,2026-09-16,
សៀវភៅកិច្ចការផ្ទះគីមីវិទ្យាថ្នាក់ទី១០,សៀវភៅកិច្ចការផ្ទះគីមីវិទ្យាថ្នាក់ទី១០,2026,2026-09-16,
សៀវភៅកិច្ចការផ្ទះគីមីវិទ្យាថ្នាក់ទី១១,សៀវភៅកិច្ចការផ្ទះគីមីវិទ្យាថ្នាក់ទី១១,2026,2026-09-16,
សៀវភៅកិច្ចការផ្ទះគីមីវិទ្យាថ្នាក់ទី១២,សៀវភៅកិច្ចការផ្ទះគីមីវិទ្យាថ្នាក់ទី១២,2026,2026-09-16,
សៀវភៅកិច្ចការផ្ទះគីមីវិទ្យាថ្នាក់ទី៧,សៀវភៅកិច្ចការផ្ទះគីមីវិទ្យាថ្នាក់ទី៧,2026,2026-09-16,
សៀវភៅកិច្ចការផ្ទះគីមីវិទ្យាថ្នាក់ទី៨,សៀវភៅកិច្ចការផ្ទះគីមីវិទ្យាថ្នាក់ទី៨,2026,2026-09-16,
សៀវភៅកិច្ចការផ្ទះចំនួនកុំផ្លិច,សៀវភៅកិច្ចការផ្ទះចំនួនកុំផ្លិច,2026,2026-09-16,
សៀវភៅកិច្ចការផ្ទះជីវវិទ្យា-ថ្នាក់ទី១២,សៀវភៅកិច្ចការផ្ទះជីវវិទ្យា ថ្នាក់ទី១២,2026,2026-09-16,
សៀវភៅកិច្ចការផ្ទះជីវវិទ្យាថ្នាក់ទី១០,សៀវភៅកិច្ចការផ្ទះជីវវិទ្យាថ្នាក់ទី១០,2026,2026-09-16,
សៀវភៅកិច្ចការផ្ទះជីវៈវិទ្យាថ្នាក់ទី៧,សៀវភៅកិច្ចការផ្ទះជីវៈវិទ្យាថ្នាក់ទី៧,2026,2026-09-16,
សៀវភៅកិច្ចការផ្ទះជីវវិទ្យាថ្នាក់ទី៨,សៀវភៅកិច្ចការផ្ទះជីវវិទ្យាថ្នាក់ទី៨,2026,2026-09-16,
សៀវភៅកិច្ចការផ្ទះជីវវិទ្យាថ្នាក់ទី៩-សំណួរ,សៀវភៅកិច្ចការផ្ទះជីវវិទ្យាថ្នាក់ទី៩ (សំណួរ),2026,2026-09-16,
សៀវភៅកិច្ចការផ្ទះថ្នាក់ទី៤-គណិតវិទ្យា,សៀវភៅកិច្ចការផ្ទះថ្នាក់ទី៤ _ គណិតវិទ្យា,2026,2026-09-16,
សៀវភៅកិច្ចការផ្ទះថ្នាក់ទី៦-គណិតវិទ្យា,សៀវភៅកិច្ចការផ្ទះថ្នាក់ទី៦ _ គណិតវិទ្យា,2026,2026-09-16,
សៀវភៅកិច្ចការផ្ទះផែនដីវិទ្យាថ្នាក់ទី១០,សៀវភៅកិច្ចការផ្ទះផែនដីវិទ្យាថ្នាក់ទី១០,2026,2026-09-16,
សៀវភៅកិច្ចការផ្ទះផែនដីវិទ្យាថ្នាក់ទី៧,សៀវភៅកិច្ចការផ្ទះផែនដីវិទ្យាថ្នាក់ទី៧,2026,2026-09-16,
សៀវភៅកិច្ចការផ្ទះផែនដីវិទ្យាថ្នាក់ទី៨,សៀវភៅកិច្ចការផ្ទះផែនដីវិទ្យាថ្នាក់ទី៨,2026,2026-09-16,
សៀវភៅកិច្ចការផ្ទះផែនដីវិទ្យាថ្នាក់ទី៩,សៀវភៅកិច្ចការផ្ទះផែនដីវិទ្យាថ្នាក់ទី៩,2026,2026-09-16,
សៀវភៅកិច្ចការផ្ទះរូបវិទ្យាថ្នាក់ទី១២,សៀវភៅកិច្ចការផ្ទះរូបវិទ្យាថ្នាក់ទី១២,2026,2026-09-16,
សៀវភៅកិច្ចការផ្ទះរូបវិទ្យាថ្នាក់ទី៨,សៀវភៅកិច្ចការផ្ទះរូបវិទ្យាថ្នាក់ទី៨,2026,2026-09-16,
សៀវភៅកិច្ចការផ្ទះរូបវិទ្យាថ្នាក់ទី៩,សៀវភៅកិច្ចការផ្ទះរូបវិទ្យាថ្នាក់ទី៩,2026,2026-09-16,
សៀវភៅកិច្ចតែងការបង្រៀន,សៀវភៅកិច្ចតែងការបង្រៀន,2026,2026-09-16,
សៀវភៅកុំព្យូទ័រ,សៀវភៅកុំព្យូទ័រ,2026,2026-09-15,
សៀវភៅគណិតវិទ្យា-សម្រាប់ថ្នាក់វិទ្យាសាស្រ្ត-ថ្នាក់ទី១២,សៀវភៅគណិតវិទ្យា សម្រាប់ថ្នាក់វិទ្យាសាស្រ្ត ថ្នាក់ទី១២,2026,2026-09-16,
សៀវភៅគណិតវិទ្យា-សម្រាប់ថ្នាក់វិទ្យាសាស្រ្សសង្គម-ថ្នាក់ទី១២,សៀវភៅគណិតវិទ្យា សម្រាប់ថ្នាក់វិទ្យាសាស្រ្សសង្គម ថ្នាក់ទី១២,2026,2026-09-16,
សៀវភៅគណិតវិទ្យាថ្នាក់ទី៧,សៀវភៅគណិតវិទ្យាថ្នាក់ទី៧,2026,2026-09-16,
សៀវភៅ-គណិតវិទ្យា-ថ្នាក់-ទី-៨,សៀវភៅ​គណិតវិទ្យា​ថ្នាក់​ទី​៨,2026,2026-09-17,
សៀវភៅគណិតវិទ្យាថ្នាក់ទី៨,សៀវភៅគណិតវិទ្យាថ្នាក់ទី៨,2026,2026-09-16,
សៀវភៅ-គណិតវិទ្យា-ថ្នាក់-ទី-៩,សៀវភៅ​គណិតវិទ្យា​ថ្នាក់​ទី​៩,2026,2026-09-16,
សៀវភៅគណិតវិទ្យារថ្នាក់ទី១០-ភាគ១,សៀវភៅគណិតវិទ្យារថ្នាក់ទី១០_ភាគ១,2026,2026-09-17,
សៀវភៅគណិតវិទ្យារថ្នាក់ទី១០-ភាគ២,សៀវភៅគណិតវិទ្យារថ្នាក់ទី១០_ភាគ២,2026,2026-09-17,
សៀវភៅគណិតវិទ្យារថ្នាក់ទី១១-កម្រិតខ្ពស់,សៀវភៅគណិតវិទ្យារថ្នាក់ទី១១_កម្រិតខ្ពស់,2026,2026-09-17,
សៀវភៅ-គាំទ្រ-ការពិសោធន៍-សម្រាប់-គ្រូ-មុខវិជ្ជា-វិទ្យាសាស្ត្រ-ថ្នា,សៀវភៅ​គាំទ្រ​ការពិសោធន៍​សម្រាប់​គ្រូ​មុខវិជ្ជា​វិទ្យាសាស្ត្រ​ថ្នា,2026,2026-09-16,
សៀវភៅគាំទ្រការពិសោធន៍សម្រាប់ថ្នាក់ទី៧-ដល់ទី៩,សៀវភៅគាំទ្រការពិសោធន៍សម្រាប់ថ្នាក់ទី៧ ដល់ទី៩,2026,2026-09-16,
សៀវភៅគីមីថ្នាក់ទី១០,សៀវភៅគីមីថ្នាក់ទី១០,2026,2026-09-16,
សៀវភៅគីមីថ្នាក់ទី១១,សៀវភៅគីមីថ្នាក់ទី១១,2026,2026-09-16,
សៀវភៅគ្រូ-ភាសាខ្មែរ-ថ្នាក់ទី១០,សៀវភៅគ្រូ ភាសាខ្មែរ ថ្នាក់ទី១០,2026,2026-09-06,
សៀវភៅគ្រូ-រូបវិទ្យាថ្នាក់ទី៩,សៀវភៅគ្រូ រូបវិទ្យាថ្នាក់ទី៩,2026,2026-09-16,
សៀវភៅគ្រូ-អប់រំសុខភាព-ថ្នាក់ទី១២,សៀវភៅគ្រូ អប់រំសុខភាព ថ្នាក់ទី១២,2026,2026-09-16,
សៀវភៅគ្រូ-អប់រំសុខភាព-ថ្នាក់ទី៩,សៀវភៅគ្រូ អប់រំសុខភាព ថ្នាក់ទី៩,2026,2026-09-16,
សៀវភៅគ្រូគណិតវិទ្យាថ្នាក់ទី១០,សៀវភៅគ្រូគណិតវិទ្យាថ្នាក់ទី១០,2026,2026-09-16,
សៀវភៅគ្រូគណិតវិទ្យាថ្នាក់ទី១១-កម្រិតខ្ពស់,សៀវភៅគ្រូគណិតវិទ្យាថ្នាក់ទី១១ កម្រិតខ្ពស់,2026,2026-09-16,
សៀវភៅគ្រូគណិតវិទ្យាថ្នាក់ទី១២-កម្រិតខ្ពស់,សៀវភៅគ្រូគណិតវិទ្យាថ្នាក់ទី១២ កម្រិតខ្ពស់,2026,2026-09-16,
សៀវភៅគ្រូគណិតវិទ្យាថ្នាក់ទី១២-កម្រិតមូលដ្ឋាន,សៀវភៅគ្រូគណិតវិទ្យាថ្នាក់ទី១២ កម្រិតមូលដ្ឋាន,2026,2026-09-16,
សៀវភៅគ្រូគណិតវិទ្យាទី១១-កម្រិតមូលដ្ឋាន,សៀវភៅគ្រូគណិតវិទ្យាទី១១_កម្រិតមូលដ្ឋាន,2026,2026-09-16,
សៀវភៅគ្រូថ្នាក់ទី១-មុខវិជ្ជាអប់រំសុខភាព,សៀវភៅគ្រូថ្នាក់ទី១ មុខវិជ្ជាអប់រំសុខភាព,2026,2026-09-16,
សៀវភៅគ្រូអក្ខរកម្មឌីជីថល-សម្រាប់បឋមសិក្សា,សៀវភៅគ្រូអក្ខរកម្មឌីជីថល សម្រាប់បឋមសិក្សា,2026,2026-09-15,
សៀវភៅគ្រូអក្ខរកម្មឌីជីថលសម្រាប់មធ្យមសិក្សា-កម្រិតមូលដ្ឋាន,សៀវភៅគ្រូអក្ខរកម្មឌីជីថលសម្រាប់មធ្យមសិក្សា(កម្រិតមូលដ្ឋាន),2026,2026-09-15,
សៀវភៅជំនួយគ្រូ-ហ្វឹកហាត់គំនូសអក្សរ-កូនស្វាឆ្លាត-ស,សៀវភៅជំនួយគ្រូ ហ្វឹកហាត់គំនូសអក្សរ កូនស្វាឆ្លាត ស,2026,2026-09-17,
សៀវភៅជំនួយសម្រាប់សិស្ស-បច្ចេកទេសការដាំដំណាំសរីរាង្គ,សៀវភៅជំនួយសម្រាប់សិស្ស បច្ចេកទេសការដាំដំណាំសរីរាង្គ,2026,2026-09-15,
សៀវភៅជីវវិទ្យា-ថ្នាក់ទី១០,សៀវភៅជីវវិទ្យា ថ្នាក់ទី១០,2026,2026-09-16,
សៀវភៅជីវវិទ្យា-ថ្នាក់ទី១១,សៀវភៅជីវវិទ្យា ថ្នាក់ទី១១,2026,2026-09-16,
សៀវភៅជីវវិទ្យា-ថ្នាក់ទី១២,សៀវភៅជីវវិទ្យា ថ្នាក់ទី១២,2026,2026-09-16,
សៀវភៅណែនាំ-ការប្រើប្រាស់-google-docs,សៀវភៅណែនាំ ការប្រើប្រាស់ GOOGLE DOCS,2026,2026-09-15,
សៀវភៅណែនាំគ្រូ-គណិតវិទ្យា-ថ្នាក់ទី៣,សៀវភៅណែនាំគ្រូ គណិតវិទ្យា ថ្នាក់ទី៣,2026,2026-09-06,
សៀវភៅ-ណែនាំ-បច្ចេកទេស-កែច្នៃ-កៅស៊ូ-សន្លឹក-ប្រភេទ-rss-និង-ads,សៀវភៅ​ណែនាំ​បច្ចេកទេស​កែច្នៃ​កៅស៊ូ​សន្លឹក ប្រភេទ RSS និង ADS,2026,2026-09-17,
សៀវភៅណែនាំ-ពិសោធន៍គិមីវិទ្យា,សៀវភៅណែនាំ​ពិសោធន៍គិមីវិទ្យា,2026,2026-09-16,
សៀវភៅណែនាំពិសោធន៍វិទ្យាសាស្ត្រ-សម្រាប់ការរៀន-និងបង្រៀន-នៅមធ្យមសិក-1,សៀវភៅណែនាំពិសោធន៍វិទ្យាសាស្ត្រ សម្រាប់ការរៀន និងបង្រៀន នៅមធ្យមសិក,2026,2026-09-16,
សៀវភៅណែនាំពិសោធន៍វិទ្យាសាស្ត្រ-សម្រាប់ការរៀន-និងបង្រៀន-នៅមធ្យមសិក-3,សៀវភៅណែនាំពិសោធន៍វិទ្យាសាស្ត្រ សម្រាប់ការរៀន និងបង្រៀន នៅមធ្យមសិក,2026,2026-09-16,
សៀវភៅណែនាំពិសោធន៍វិទ្យាសាស្ត្រ-សម្រាប់ការរៀន-និងបង្រៀន-នៅមធ្យមសិក-2,សៀវភៅណែនាំពិសោធន៍វិទ្យាសាស្ត្រ សម្រាប់ការរៀន និងបង្រៀន នៅមធ្យមសិក,2026,2026-09-16,
សៀវភៅណែនាំពិសោធន៍វិទ្យាសាស្ត្រ-សម្រាប់ការរៀន-និងបង្រៀន-នៅមធ្យមសិក,សៀវភៅណែនាំពិសោធន៍វិទ្យាសាស្ត្រ សម្រាប់ការរៀន និងបង្រៀន នៅមធ្យមសិក,2026,2026-09-16,
សៀវភៅណែនាំពីជំងឺ-កូវីដ១៩-សម្រាប់កុមារ,សៀវភៅណែនាំពីជំងឺ_កូវីដ១៩_សម្រាប់កុមារ,2026,2026-09-16,
សៀវភៅ-ណែនាំ-សម្រាប់-គ្រូបង្រៀន-មុខវិជ្ជា-គណិតវិទ្យា-ថ្នាក់-ទី-៨,សៀវភៅ​ណែនាំ​សម្រាប់​គ្រូបង្រៀន​មុខវិជ្ជា​គណិតវិទ្យា ថ្នាក់​ទី ៨,2026,2026-09-16,
សៀវភៅណែនាំស្ដីពី-ការ-គ្រប់គ្រង-មន្ទីរ-ពិសោធ-វិទ្យាសាស្ត្,សៀវភៅណែនាំស្ដីពី ការ​គ្រប់គ្រង​មន្ទីរ​ពិសោធ​វិទ្យាសាស្ត្,2026,2026-09-16,
សៀវភៅណែនាំស្តីពីការអប់រំស្នែមសម្រាប់បំប៉នគ្រូមធ្យមសិក្សាទុតិយភូមិ,សៀវភៅណែនាំស្តីពីការអប់រំស្នែមសម្រាប់បំប៉នគ្រូមធ្យមសិក្សាទុតិយភូមិ,2026,2026-09-16,
សៀវភៅណែនាំអំពី-អក្ខរកម្មឌីជីថល-និងភាពជាពលរដ្ឋឌីជីថល,សៀវភៅណែនាំអំពី អក្ខរកម្មឌីជីថល និងភាពជាពលរដ្ឋឌីជីថល,2026,2026-09-15,
សៀវភៅ-ត្រីវិស័យស្តី-ពី-ការ-ទប់ស្កាត់-និង-ការពារ-ជំងឺរលាកសួតបង្កដោ,សៀវភៅ​ត្រីវិស័យស្តី​ពី​ការ​ទប់ស្កាត់ និង​ការពារ​ជំងឺរលាកសួតបង្កដោ,2026,2026-09-16,
សៀវភៅត្រៀមប្រទ្បងគ្រូ,សៀវភៅត្រៀមប្រទ្បងគ្រូ,2026,2026-09-16,
សៀវភៅធរណីមាត្រថ្នាក់ទី៩,សៀវភៅធរណីមាត្រថ្នាក់ទី៩,2026,2026-09-16,
សៀវភៅបុរេសំណេរ-កូនស្វាឆ្លាត-ខ-2,សៀវភៅបុរេសំណេរ កូនស្វាឆ្លាត ខ,2026,2026-09-17,
សៀវភៅបុរេសំណេរ-កូនស្វាឆ្លាត-ខ,សៀវភៅបុរេសំណេរ កូនស្វាឆ្លាត ខ,2026,2026-09-17,
សៀវភៅបុរេសំណេរ-កូនស្វាឆ្លាត-ខ-3,សៀវភៅបុរេសំណេរ កូនស្វាឆ្លាត ខ,2026,2026-09-17,
សៀវភៅបុរេសំណេរ-កូនស្វាឆ្លាត-ខ-1,សៀវភៅបុរេសំណេរ កូនស្វាឆ្លាត ខ,2026,2026-09-17,
សៀវភៅ-ផាត់-ពណ៌-រូបភាព-ទាក់-ទង-នឹង-ការ-បណ្តុះ-ការ-ដាំ-និង-ព,សៀវភៅ​ផាត់​ពណ៌​រូបភាព​​ ទាក់​ទង​នឹង​ការ​​បណ្តុះ​ ការ​ដាំ​ និង​​​ព,2026,2026-09-17,
សៀវភៅព័ត៌មានស្តីពី-ទស្សនាវដ្ដីកម្ពុជា-សម្រាប់ការស្រាវជ្រាវអប់រំ-ន,សៀវភៅព័ត៌មានស្តីពី ទស្សនាវដ្ដីកម្ពុជា សម្រាប់ការស្រាវជ្រាវអប់រំ ន,2026,2026-09-16,
សៀវភៅព័ត៌មានស្តីពី-ទស្សនាវដ្ដីស្រាវជ្រាវកម្ពុជា-សម្រាប់ការអប់រំ-ន,សៀវភៅព័ត៌មានស្តីពី ទស្សនាវដ្ដីស្រាវជ្រាវកម្ពុជា សម្រាប់ការអប់រំ ន,2026,2026-09-16,
សៀវភៅពន្លឿនការសិក្សា-គណិតវិទ្យា-ថ្នាក់ឆ្នាំទី២,សៀវភៅពន្លឿនការសិក្សា គណិតវិទ្យា ថ្នាក់ឆ្នាំទី២,2026,2026-09-16,
សៀវភៅពន្លឿនការសិក្សា-គណិតវិទ្យា-ថ្នាក់ឆ្នាំទី៣,សៀវភៅពន្លឿនការសិក្សា គណិតវិទ្យា ថ្នាក់ឆ្នាំទី៣,2026,2026-09-16,
សៀវភៅពន្លឿនការសិក្សា-វិទ្យាសាស្ត្រអនុវត្ត-ថ្នាក់ឆ្នាំទី២,សៀវភៅពន្លឿនការសិក្សា វិទ្យាសាស្ត្រអនុវត្ត ថ្នាក់ឆ្នាំទី២,2026,2026-09-16,
សៀវភៅពិសោធន៍គីមីវិទ្យាកម្រិតបឋមភូមិ-និងទុតិយភូមី,សៀវភៅពិសោធន៍គីមីវិទ្យាកម្រិតបឋមភូមិ និងទុតិយភូមី,2026,2026-09-16,
សៀវភៅពិសោធន៍ជីវវិទ្យា-កម្រិតបឋមភូមិ-និងទុតិយភូមិ,សៀវភៅពិសោធន៍ជីវវិទ្យា កម្រិតបឋមភូមិ និងទុតិយភូមិ,2026,2026-09-16,
សៀវភៅពិសោធន៍រូបវិទ្យា-កម្រិតទុតិយភូមិ,សៀវភៅពិសោធន៍រូបវិទ្យា កម្រិតទុតិយភូមិ,2026,2026-09-16,
សៀវភៅពិសោធន៍រូបវិទ្យាកម្រិតទុតិយភូមិ-ថ្នាក់ទី១០-១១-១២,សៀវភៅពិសោធន៍រូបវិទ្យាកម្រិតទុតិយភូមិ (ថ្នាក់ទី១០ ១១ ១២),2026,2026-09-16,
សៀវភៅមគ្គុទេសក៍ដំណើរការស្នើសុំចុះឈ្មោះដែនជាតិ-kh-តាមរយៈប្រព័ន្ធស,សៀវភៅមគ្គុទេសក៍ដំណើរការស្នើសុំចុះឈ្មោះដែនជាតិ .kh តាមរយៈប្រព័ន្ធស,2026,2026-09-15,
សៀវភៅមគ្គុទ្ទេសក៍នៃដំណើរការចុះបញ្ជីពាណិជ្ជកម្មតាមប្រព័ន្ធបច្ចេកវិ,សៀវភៅមគ្គុទ្ទេសក៍នៃដំណើរការចុះបញ្ជីពាណិជ្ជកម្មតាមប្រព័ន្ធបច្ចេកវិ,2026,2026-09-15,
សៀវភៅមេរៀន-typing,សៀវភៅមេរៀន Typing,2026,2026-09-15,
សៀវភៅរូបវិទ្យាថ្នាក់ទី១០,សៀវភៅរូបវិទ្យាថ្នាក់ទី១០,2026,2026-09-16,
សៀវភៅរូបវិទ្យាថ្នាក់ទី១២-បំប៉នចំណេះដឹង,សៀវភៅរូបវិទ្យាថ្នាក់ទី១២ (បំប៉នចំណេះដឹង),2026,2026-09-16,
សៀវភៅលំហាត់-គីមីវិទ្យា-ថ្នាក់ទី១១,សៀវភៅលំហាត់ គីមីវិទ្យា ថ្នាក់ទី១១,2026,2026-09-16,
សៀវភៅលំហាត់គណិតវិទ្យាថ្នាក់ទី៩,សៀវភៅលំហាត់គណិតវិទ្យាថ្នាក់ទី៩,2026,2026-09-16,
សៀវភៅលំហាត់គណិតវិទ្យាសម្រាប់គ្រូ-និងសិស្សមធ្យមសិក្សាទុតិយភូមិ,សៀវភៅលំហាត់គណិតវិទ្យាសម្រាប់គ្រូ​ និងសិស្សមធ្យមសិក្សាទុតិយភូមិ,2026,2026-09-16,
សៀវភៅលំហាត់គីមីវិទ្យា-ថ្នាក់ទី៩,សៀវភៅលំហាត់គីមីវិទ្យា ថ្នាក់ទី៩,2026,2026-09-16,
សៀវភៅលំហាត់គីមីវិទ្យាថ្នាក់ទី១០,សៀវភៅលំហាត់គីមីវិទ្យាថ្នាក់ទី១០,2026,2026-09-16,
សៀវភៅលំហាត់គីមីវិទ្យាថ្នាក់ទី១២,សៀវភៅលំហាត់គីមីវិទ្យាថ្នាក់ទី១២,2026,2026-09-16,
សៀវភៅវគ្គបំប៉នគ្រូវិទ្យាល័យស្ដីពី-ការថែទាំកុំព្យូទ័រ-និងគ្រប់គ្រង,សៀវភៅវគ្គបំប៉នគ្រូវិទ្យាល័យស្ដីពី ការថែទាំកុំព្យូទ័រ និងគ្រប់គ្រង,2026,2026-09-15,
សៀវភៅវិទ្យាសាស្ត្ត្រ-ថ្នាក់ទី៧,សៀវភៅវិទ្យាសាស្ត្ត្រ ថ្នាក់ទី៧,2026,2026-09-16,
សៀវភៅវិទ្យាសាស្ត្រ-ថ្នាក់ទី៨,សៀវភៅវិទ្យាសាស្ត្រ ថ្នាក់ទី៨,2026,2026-09-16,
សៀវភៅវិទ្យាសាស្ត្រ-ថ្នាក់ទី៩,សៀវភៅវិទ្យាសាស្ត្រ ថ្នាក់ទី៩,2026,2026-09-16,
សៀវភៅវិធីសាស្ត្រដោះស្រាយលំហាត់គណិតវិទ្យាថ្នាក់ទី១២-ភាគ១,សៀវភៅវិធីសាស្ត្រដោះស្រាយលំហាត់គណិតវិទ្យាថ្នាក់ទី១២ ភាគ១,2026,2026-09-16,
សៀវភៅសិក្សាកំព្យូទ័រសម្រេាប់ការបង្រៀន-និងរៀន,សៀវភៅសិក្សាកំព្យូទ័រសម្រេាប់ការបង្រៀន_និងរៀន,2026,2026-09-15,
សៀវភៅសិក្សាកុំព្យូទ័រ-សម្រាប់ការបង្រៀន-និងរៀន,សៀវភៅសិក្សាកុំព្យូទ័រ សម្រាប់ការបង្រៀន និងរៀន,2026,2026-09-15,
សៀវភៅសិក្សាគោល-គណិតវិទ្យា-ថ្នាក់-ទី-៧,សៀវភៅសិក្សាគោល ​គណិតវិទ្យា ​ថ្នាក់​ទី​៧,2026,2026-09-17,
សៀវភៅសិក្សាគោល-គីមី,សៀវភៅសិក្សាគោល គីមី,2026,2026-09-17,
សៀវភៅសិក្សាគោល-ជីវវិទ្យា,សៀវភៅសិក្សាគោល ជីវវិទ្យា,2026,2026-09-17,
សៀវភៅសិក្សាគោល-រូបវិទ្យា,សៀវភៅសិក្សាគោល រូបវិទ្យា,2026,2026-09-17,
សៀវភៅសិក្សាគោល-វិទ្យាសាស្ត្រ-ថ្នាក់ទី៧,សៀវភៅសិក្សាគោល វិទ្យាសាស្ត្រ ថ្នាក់ទី៧,2026,2026-09-17,
សៀវភៅសិក្សាគោលគណិតវិទ្យា,សៀវភៅសិក្សាគោលគណិតវិទ្យា,2026,2026-09-17,
សៀវភៅសិក្សាគោលសម្រាប់មត្តេយ្យសិក្សា-បុរេគណិត,សៀវភៅសិក្សាគោលសម្រាប់មត្តេយ្យសិក្សា បុរេគណិត,2026,2026-09-16,
សៀវភៅសិក្សាគោលសម្រាប់មត្តេយ្យសិក្សា-បុរេគណិត-1,សៀវភៅសិក្សាគោលសម្រាប់មត្តេយ្យសិក្សា បុរេគណិត,2026,2026-09-17,
សៀវភៅសិក្សាគោលសម្រាប់មត្តេយ្យសិក្សា-វិទ្យាសាស្ត្រ,សៀវភៅសិក្សាគោលសម្រាប់មត្តេយ្យសិក្សា វិទ្យាសាស្ត្រ,2026,2026-09-16,
សៀវភៅសិស្ស-អប់រំសុខភាព-ថ្នាក់ទី១១,សៀវភៅសិស្ស អប់រំសុខភាព ថ្នាក់ទី១១,2026,2026-09-16,
សៀវភៅសិស្សថ្នាក់ទី១-មុខវិជ្ជាអប់រំសុខភាព,សៀវភៅសិស្សថ្នាក់ទី១ មុខវិជ្ជាអប់រំសុខភាព,2026,2026-09-16,
សៀវភៅសិស្សអក្ខរកម្មឌីជីថល-សម្រាប់បឋមសិក្សា,សៀវភៅសិស្សអក្ខរកម្មឌីជីថល សម្រាប់បឋមសិក្សា,2026,2026-09-15,
សៀវភៅសិស្សអក្ខរកម្មឌីជីថល-សម្រាប់មធ្យមសិក្សា-កម្រិតមូលដ្ឋាន,សៀវភៅសិស្សអក្ខរកម្មឌីជីថល សម្រាប់មធ្យមសិក្សា (កម្រិតមូលដ្ឋាន),2026,2026-09-15,
សៀវភៅសិស្សអក្ខរកម្មឌីជីថលសម្រាប់មធ្យមសិក្សា-កម្រិតមធ្យម,សៀវភៅសិស្សអក្ខរកម្មឌីជីថលសម្រាប់មធ្យមសិក្សា (កម្រិតមធ្យម),2026,2026-09-15,
សៀវភៅសិស្សអក្ខរកម្មឌីជីថលសម្រាប់មធ្យមសិក្សា-កម្រិតខ្ពស់,សៀវភៅសិស្សអក្ខរកម្មឌីជីថលសម្រាប់មធ្យមសិក្សា(កម្រិតខ្ពស់),2026,2026-09-15,
សៀវភៅស្វ័យសិក្សាគណិតវិទ្យាថ្នាក់ទី៩,សៀវភៅស្វ័យសិក្សាគណិតវិទ្យាថ្នាក់ទី៩,2026,2026-09-16,
សៀវភៅហ្វឹកគណិតវិទ្យាថ្នាក់ទី៩-ចំនួនអសនិទាន,សៀវភៅហ្វឹកគណិតវិទ្យាថ្នាក់ទី៩-ចំនួនអសនិទាន,2026,2026-09-16,
សៀវភៅហ្វឹកហាត់គណិតវិទ្យា-ទ្រឹស្តីបទពីតាគ័រ,សៀវភៅហ្វឹកហាត់គណិតវិទ្យា ទ្រឹស្តីបទពីតាគ័រ,2026,2026-09-16,
សៀវភៅហ្វឹកហាត់គណិតវិទ្យាថ្នាក់ទី៩,សៀវភៅហ្វឹកហាត់គណិតវិទ្យាថ្នាក់ទី៩,2026,2026-09-16,
សៀវភៅហ្វឹកហាត់គណិតវិទ្យាថ្នាក់ទី៩-២សមាមាត្រ,សៀវភៅហ្វឹកហាត់គណិតវិទ្យាថ្នាក់ទី៩-២សមាមាត្រ,2026,2026-09-16,
សៀវភៅហ្វឹកហាត់លំហាត់គណិតវិទ្យាថ្នាក់ទី២-ភាគ១,សៀវភៅហ្វឹកហាត់លំហាត់គណិតវិទ្យាថ្នាក់ទី២ ភាគ១,2026,2026-09-16,
សៀវភៅហ្វឹកហាត់លំហាត់គណិតវិទ្យាថ្នាក់ទី២-ភាគ២,សៀវភៅហ្វឹកហាត់លំហាត់គណិតវិទ្យាថ្នាក់ទី២ ភាគ២,2026,2026-09-16,
សៀវភៅហ្វឹកហាត់លំហាត់គណិតវិទ្យាថ្នាក់ទី២-ភាគ៤-បញ្ចប់,សៀវភៅហ្វឹកហាត់លំហាត់គណិតវិទ្យាថ្នាក់ទី២ ភាគ៤(បញ្ចប់),2026,2026-09-16,
សៀវភៅហ្វឹកហាត់លំហាត់គណិតវិទ្យាថ្នាក់ទី៣-ភាគ៣,សៀវភៅហ្វឹកហាត់លំហាត់គណិតវិទ្យាថ្នាក់ទី៣ ភាគ៣,2026,2026-09-16,
សៀវភៅហ្វឹកហាត់លំហាត់គណិតវិទ្យាថ្នាក់ទី៣-ភាគ៤-បញ្ចប់,សៀវភៅហ្វឹកហាត់លំហាត់គណិតវិទ្យាថ្នាក់ទី៣ ភាគ៤(បញ្ចប់),2026,2026-09-16,
សៀវភៅហ្វឹកហាត់លេខ-កូនស្វាឆ្លាត-ល-1,សៀវភៅហ្វឹកហាត់លេខ កូនស្វាឆ្លាត ល,2026,2026-09-17,
សៀវភៅហ្វឹកហាត់លេខ-កូនស្វាឆ្លាត-ល,សៀវភៅហ្វឹកហាត់លេខ កូនស្វាឆ្លាត ល,2026,2026-09-17,
សៀវភៅអក្ខរកម្មគណិតវិទ្យា-កម្រិត-១,សៀវភៅអក្ខរកម្មគណិតវិទ្យា កម្រិត ១,2026,2026-09-16,
សៀវភៅអក្ខរកម្មគណិតវិទ្យា-កម្រិត-២,សៀវភៅអក្ខរកម្មគណិតវិទ្យា កម្រិត ២,2026,2026-09-16,
សៀវភៅអក្ខរកម្មគណិតវិទ្យាកម្រិត២,សៀវភៅអក្ខរកម្មគណិតវិទ្យាកម្រិត២,2026,2026-09-16,
សៀវភៅអនុគមន៍ថ្នាក់ទី១២-បកជាភាសាខ្មែរ,សៀវភៅអនុគមន៍ថ្នាក់ទី១២ (បកជាភាសាខ្មែរ),2026,2026-09-16,
សៀវភៅអប់រំសុខភាព-ជំងឺកូវីដ-១៩-សម្រាប់កុមារ,សៀវភៅអប់រំសុខភាព ជំងឺកូវីដ-១៩ សម្រាប់កុមារ,2026,2026-09-16,
សេចក្តីផ្តើមពិសោធន៍រូបវិទ្យា,សេចក្តីផ្តើមពិសោធន៍រូបវិទ្យា,2026,2026-09-16,
ស្តង់កម្ពុជាសម្រាប់ទឹកកកពិសា,ស្តង់កម្ពុជាសម្រាប់ទឹកកកពិសា,2026,2026-09-15,
ស្តង់ដារកម្ពុជាសម្រាប់-ស្វាយចន្ទី,ស្តង់ដារកម្ពុជាសម្រាប់ ស្វាយចន្ទី,2026,2026-09-15,
ស្តង់ដារសំរាប់-ម្សៅដំឡូងមី,ស្តង់ដារសំរាប់ ម្សៅដំឡូងមី,2026,2026-09-15,
ស្តង់ដាសម្រាប់មីកញ្ចប់,ស្តង់ដាសម្រាប់មីកញ្ចប់,2026,2026-09-15,
ស្តង់ដាសំរាប់-ទឹកម្ទេស,ស្តង់ដាសំរាប់ ទឹកម្ទេស,2026,2026-09-15,
ស្រាវជ្រាវសកម្ម,ស្រាវជ្រាវសកម្ម,2026,2026-09-16,
ស្វ៊ីតចំនួនពិត,ស្វ៊ីតចំនួនពិត,2026,2026-09-16,
ស្វ៊ីតចំនួនពិត-ថ្នាក់ទិ-១១,ស្វ៊ីតចំនួនពិត ថ្នាក់ទិ ១១​,2026,2026-09-16,
ស្វីតចំនួនពិតថ្នាក់ទី-១១-1,ស្វីតចំនួនពិតថ្នាក់ទី ១១,2026,2026-09-16,
ស្វីតចំនួនពិតថ្នាក់ទី-១១,ស្វីតចំនួនពិតថ្នាក់ទី ១១.,2026,2026-09-16,
ស្វែង-យល់-ពី-វិទ្យាសាស្ត្រ-ទឹក,ស្វែង​យល់​ពី​​វិទ្យាសាស្ត្រ​ទឹក,2026,2026-09-17,
ស្វែង-យល់អំពីអ៊ីមែល-និង-ការ-ប្រើប្រាស់-អ៊ីមែល-លើ-សំបុត្រ-បណ្ដាញ,ស្វែង​យល់អំពីអ៊ីមែល និង​ការ​ប្រើប្រាស់​អ៊ីមែល លើ​សំបុត្រ​បណ្ដាញ (,2026,2026-09-15,
អក្ខរកម្ម-បញ្ញាសិប្បនិម្មិត-ai-១០១,អក្ខរកម្ម បញ្ញាសិប្បនិម្មិត (AI) ១០១,2026,2026-09-15,
អគ្គិសនី-ភាគទី៣,អគ្គិសនី ភាគទី៣,2026,2026-09-16,
អង់ស្យូស្ពែម,អង់ស្យូស្ពែម,2026,2026-09-16,
អំណាន-ជាអំណាច,អំណាន ជាអំណាច,2026,2026-09-06,
អត្តសញ្ញាណកម្មមេតាណុល-សន្លឹកកិច្ចការ-តេស្តអ៉ីយ៉ូដូហ្វម,អត្តសញ្ញាណកម្មមេតាណុល(សន្លឹកកិច្ចការ​​ តេស្តអ៉ីយ៉ូដូហ្វម),2026,2026-09-16,
អត្ថបទស្រាវជ្រាវស្តីអំពី-ការរកឃើញរូបមន្តស៊េរីនៃផាយដោយគណិតវិទូអាល,អត្ថបទស្រាវជ្រាវស្តីអំពី៖ ការរកឃើញរូបមន្តស៊េរីនៃផាយដោយគណិតវិទូអាល,2026,2026-09-16,
អត្រាកំណែក្រៅផ្លូវការនៃការប្រលងបញ្ចប់ឆមាសទី១លើមុខវិជ្ជា-ទ្រឹស្ដីប,អត្រាកំណែក្រៅផ្លូវការនៃការប្រលងបញ្ចប់ឆមាសទី១លើមុខវិជ្ជា ទ្រឹស្ដីប,2026,2026-09-16,
អត្រាកំណែក្រៅផ្លូវការនៃការប្រលងបញ្ជប់ឆមាសទី១-ថ្នាក់អនុបណ្ឌិត,អត្រាកំណែក្រៅផ្លូវការនៃការប្រលងបញ្ជប់ឆមាសទី១ ថ្នាក់អនុបណ្ឌិត,2026,2026-09-16,
អត្រាកំណែរតេស្តគណិតវិទ្យាសម្រាប់ខែមិថុនា-4,អត្រាកំណែរតេស្តគណិតវិទ្យាសម្រាប់ខែមិថុនា,2026,2026-09-16,
អត្រាកំណែរតេស្តគណិតវិទ្យាសម្រាប់ខែមិថុនា-1,អត្រាកំណែរតេស្តគណិតវិទ្យាសម្រាប់ខែមិថុនា,2026,2026-09-16,
អត្រាកំណែរតេស្តគណិតវិទ្យាសម្រាប់ខែមិថុនា-3,អត្រាកំណែរតេស្តគណិតវិទ្យាសម្រាប់ខែមិថុនា,2026,2026-09-16,
អត្រាកំណែរតេស្តគណិតវិទ្យាសម្រាប់ខែមិថុនា-5,អត្រាកំណែរតេស្តគណិតវិទ្យាសម្រាប់ខែមិថុនា,2026,2026-09-16,
អត្រាកំណែរតេស្តគណិតវិទ្យាសម្រាប់ខែមិថុនា-2,អត្រាកំណែរតេស្តគណិតវិទ្យាសម្រាប់ខែមិថុនា,2026,2026-09-16,
អត្រាកំណែរតេស្តគណិតវិទ្យាសម្រាប់ខែមិថុនា,អត្រាកំណែរតេស្តគណិតវិទ្យាសម្រាប់ខែមិថុនា,2026,2026-09-16,
អនុគមន៍លោការីតនិងអ៊ិចស្ប៉ូណង់ស្យែល,អនុគមន៍លោការីតនិងអ៊ិចស្ប៉ូណង់ស្យែល,2026,2026-09-16,
អនុគមន៍សនិទាន,អនុគមន៍សនិទាន,2026,2026-09-16,
អន្តរកម្មសម្រាប់វិទ្យាសាស្ត្ររូបវិទ្យា-សៀវភៅសម្រាប់សិស្ស-ភាគ៣,អន្តរកម្មសម្រាប់វិទ្យាសាស្ត្ររូបវិទ្យា សៀវភៅសម្រាប់សិស្ស ភាគ៣,2026,2026-08-28,
អប់រំការគិត-បែបកុំព្យូទ័រ-កម្រិត១-សម្រាប់គ្រូ,អប់រំការគិត បែបកុំព្យូទ័រ កម្រិត១ សម្រាប់គ្រូ,2026,2026-09-15,
អប់រំការគិត-បែបកុំព្យូទ័រ-កម្រិត១-សម្រាប់សិស្ស,អប់រំការគិត បែបកុំព្យូទ័រ កម្រិត១ សម្រាប់សិស្ស,2026,2026-09-15,
អប់រំការគិត-បែបកុំព្យូទ័រ-កម្រិត២-សម្រាប់គ្រូ,អប់រំការគិត បែបកុំព្យូទ័រ កម្រិត២ សម្រាប់គ្រូ,2026,2026-09-15,
អប់រំការគិត-បែបកុំព្យូទ័រ-កម្រិត២-សម្រាប់សិស្ស,អប់រំការគិត បែបកុំព្យូទ័រ កម្រិត២ សម្រាប់សិស្ស,2026,2026-09-15,
អប់រំការគិត-បែបកុំព្យូទ័រ-កម្រិត៣-សម្រាប់គ្រូ,អប់រំការគិត បែបកុំព្យូទ័រ កម្រិត៣ សម្រាប់គ្រូ,2026,2026-09-15,
អប់រំការគិត-បែបកុំព្យូទ័រ-កម្រិត៣-សម្រាប់សិស្ស,អប់រំការគិត បែបកុំព្យូទ័រ កម្រិត៣ សម្រាប់សិស្ស,2026,2026-09-15,
អប់រំសុខភាព-សម្រាប់គ្រូ-ថ្នាក់ទី១១,អប់រំសុខភាព សម្រាប់គ្រូ ថ្នាក់ទី១១,2026,2026-09-06,
អាំងតេក្រាល-2,អាំងតេក្រាល,2026,2026-09-16,
អាំងតេក្រាល-1,អាំងតេក្រាល,2026,2026-09-16,
អាំងតេក្រាល,អាំងតេក្រាល,2026,2026-09-16,
អាជីវកម្មខ្នាតតូច,អាជីវកម្មខ្នាតតូច,2026,2026-09-15,
អាថ៌កំបាំង-៥-យ៉ាង,អាថ៌កំបាំង ៥ យ៉ាង,2026,2026-09-15,
អាថ៌កំបាំងមនុស្សបុរាណនៅសម័យនគរ,អាថ៌កំបាំងមនុស្សបុរាណនៅសម័យនគរ,2026,2026-09-06,
អាហារូបករណ៍-វៀតណាម-១៩៩៩-ដល់-២០២២,អាហារូបករណ៍_វៀតណាម ១៩៩៩ ដល់ ២០២២,2026,2026-09-16,
អុីមែល-និងការប្រើប្រាស់អុីមែល,អុីមែល និងការប្រើប្រាស់អុីមែល,2026,2026-09-15,
អេឡិចត្រូនិចសម្រាប់ថ្នាក់ទី៧-៨-៩-ស្ទែម,អេឡិចត្រូនិចសម្រាប់ថ្នាក់ទី៧-៨-៩ (ស្ទែម),2026,2026-09-06,
អ្នកដឹកនាំនៃភពផែនដី,អ្នកដឹកនាំនៃភពផែនដី,2026,2026-09-16,
ឧត្តមានុវត្តន៍ទី៤-បច្ចេកវិទ្យាអប់រំ-edtech-ធានាការរៀនសូត្រអំឡុ,ឧត្តមានុវត្តន៍ទី៤៖ បច្ចេកវិទ្យាអប់រំ (EdTech) ធានាការរៀនសូត្រអំឡុ,2026,2026-09-15,
ឧបករណ៍ពិនិត្យតាមដាន-និងវាយតម្លៃការរៀន-និងបង្រៀន-ស្ទែមនៅមធ្យមសិក្ស,ឧបករណ៍ពិនិត្យតាមដាន និងវាយតម្លៃការរៀន និងបង្រៀន ស្ទែមនៅមធ្យមសិក្ស,2026,2026-09-15,
ឯកសារជំនួយការប្រើប្រាស់-សាលាឌីជីថល,ឯកសារជំនួយការប្រើប្រាស់ សាលាឌីជីថល,2026,2026-09-15,
ឯកសារជំនួយស្ដីពីការប្រើប្រាស់ថ្នាលអភិវឌ្ឍសមត្ថភាព,ឯកសារជំនួយស្ដីពីការប្រើប្រាស់ថ្នាលអភិវឌ្ឍសមត្ថភាព​,2026,2026-09-15,
ឯកសារជំនួយស្មារតី-ការអភិវឌ្ឍសំណួរតេស្តស្ដង់ដារប្រចាំខែ-ឆ្លើយតបនឹង,ឯកសារជំនួយស្មារតី ការអភិវឌ្ឍសំណួរតេស្តស្ដង់ដារប្រចាំខែ ឆ្លើយតបនឹង,2026,2026-09-16,
ឯកសារជំនួយស្មារតីសម្រាប់សិស្សថ្នាក់ទី១២-មុខវិជ្ជាគណិតវិទ្យា,ឯកសារជំនួយស្មារតីសម្រាប់សិស្សថ្នាក់ទី១២ មុខវិជ្ជាគណិតវិទ្យា,2026,2026-09-17,
ឯកសារដំណើរការគម្រោងស្ទែម-stem,ឯកសារដំណើរការគម្រោងស្ទែម (STEM),2026,2026-09-16,
ឯកសារណែនាំគ្រូបង្រៀន-គណិតវិទ្យាថ្នាក់ទី៧-ដល់ទី៩-បញ្ជាបខ្លឹមសារបន,ឯកសារណែនាំគ្រូបង្រៀន«គណិតវិទ្យាថ្នាក់ទី៧ ដល់ទី៩» បញ្ជាបខ្លឹមសារបន,2026,2026-09-16,
ឯកសារណែនាំគ្រូបង្រៀន-គីមីវិទ្យាថ្នាក់ទី៧-ដល់ទី៩-បញ្ជាបខ្លឹមសារបន,ឯកសារណែនាំគ្រូបង្រៀន«គីមីវិទ្យាថ្នាក់ទី៧ ដល់ទី៩» បញ្ជាបខ្លឹមសារបន,2026,2026-09-16,
ឯកសារណែនាំគ្រូបង្រៀន-ជីវវិទ្យាថ្នាក់ទី៧-ដល់ទី៩-បញ្ជាបខ្លឹមសារបន្,ឯកសារណែនាំគ្រូបង្រៀន«ជីវវិទ្យាថ្នាក់ទី៧ ដល់ទី៩» បញ្ជាបខ្លឹមសារបន្,2026,2026-09-16,
ឯកសារណែនាំគ្រូបង្រៀន-ផែនដីវិទ្យាថ្នាក់ទី៧-ដល់ទី៩-បញ្ជាបខ្លឹមសារប,ឯកសារណែនាំគ្រូបង្រៀន«ផែនដីវិទ្យាថ្នាក់ទី៧ ដល់ទី៩» បញ្ជាបខ្លឹមសារប,2026,2026-09-16,
ឯកសារណែនាំគ្រូបង្រៀន-រូបវិទ្យាថ្នាក់ទី៧-ដល់ទី៩-បញ្ជាបខ្លឹមសារបន្,ឯកសារណែនាំគ្រូបង្រៀន«រូបវិទ្យាថ្នាក់ទី៧ ដល់ទី៩» បញ្ជាបខ្លឹមសារបន្,2026,2026-09-16,
ឯកសារណែនាំស្តីពីការប្រើប្រាស់បញ្ញាសិប្បនិម្មិត-សម្រាប់គ្រូបង្រៀន,ឯកសារណែនាំស្តីពីការប្រើប្រាស់បញ្ញាសិប្បនិម្មិត សម្រាប់គ្រូបង្រៀន,2026,2026-09-15,
ឯកសារណែនាំអភិវឌ្ឍន៍វិញ្ញាសាសម្រាប់-ការប្រឡងសញ្ញាបត្រមធ្យមសិក្សាបឋ,ឯកសារណែនាំអភិវឌ្ឍន៍វិញ្ញាសាសម្រាប់ ការប្រឡងសញ្ញាបត្រមធ្យមសិក្សាបឋ,2026,2026-09-15,
ឯកសារ-បង្រៀន-ការ-បង្ការ-ការ-ទប់ស្កាត់-គ្រោះ-ថ្នាក់-បង្ក-ដោយ-ការ-ប,ឯកសារ​បង្រៀន​ការ​បង្ការ ការ​ទប់ស្កាត់ គ្រោះ​ថ្នាក់​បង្ក​ដោយ​ការ​ប,2026,2026-09-16,
ឯកសារ-បណ្ដាញ-ចំណេះដឹង-សម្រាប់-សិស្ស-ស្វ័យ-សិក្សា-គណិតវិទ្យា-កម្រ-1,ឯកសារ​បណ្ដាញ​ចំណេះដឹង​សម្រាប់​សិស្ស​ស្វ័យ​សិក្សា គណិតវិទ្យា (កម្រ,2026,2026-09-17,
ឯកសារ-បណ្ដាញ-ចំណេះដឹង-សម្រាប់-សិស្ស-ស្វ័យ-សិក្សា-គណិតវិទ្យា-កម្រ,ឯកសារ​បណ្ដាញ​ចំណេះដឹង​សម្រាប់​សិស្ស​ស្វ័យ​សិក្សា គណិតវិទ្យា (កម្រ,2026,2026-09-17,
ឯកសារបណ្ដាញចំណេះដឹងសម្រាប់សិស្សស្វ័យសិក្សា-គណិតវិទ្យា-កម្រិតខ្ពស,ឯកសារបណ្ដាញចំណេះដឹងសម្រាប់សិស្សស្វ័យសិក្សា គណិតវិទ្យា (កម្រិតខ្ពស,2026,2026-09-17,
ឯកសារ-បណ្ដាញ-ចំណេះដឹង-សម្រាប់-សិស្ស-ស្វ័យ-សិក្សា-គណិតវិទ្យា-ភាគ២,ឯកសារ​បណ្ដាញ​ចំណេះដឹង​សម្រាប់​សិស្ស​ស្វ័យ​សិក្សា គណិតវិទ្យា (ភាគ២,2026,2026-09-17,
ឯកសារ-បណ្ដាញ-ចំណេះដឹង-សម្រាប់-សិស្ស-ស្វ័យ-សិក្សា-គណិតវិទ្យា-ថ្នាក-1,ឯកសារ​បណ្ដាញ​ចំណេះដឹង​សម្រាប់​សិស្ស​ស្វ័យ​សិក្សា គណិតវិទ្យា ថ្នាក,2026,2026-09-16,
ឯកសារ-បណ្ដាញ-ចំណេះដឹង-សម្រាប់-សិស្ស-ស្វ័យ-សិក្សា-គណិតវិទ្យា-ថ្នាក,ឯកសារ​បណ្ដាញ​ចំណេះដឹង​សម្រាប់​សិស្ស​ស្វ័យ​សិក្សា គណិតវិទ្យា ថ្នាក់ទី៧,2026,2026-09-16,
ឯកសារ-បណ្ដាញ-ចំណេះដឹង-សម្រាប់-សិស្ស-ស្វ័យ-សិក្សា-គីមីវិទ្យា-ថ្នាក-2,ឯកសារ​បណ្ដាញ​ចំណេះដឹង​សម្រាប់​សិស្ស​ស្វ័យ​សិក្សា គីមីវិទ្យា ថ្នាក,2026,2026-09-17,
ឯកសារ-បណ្ដាញ-ចំណេះដឹង-សម្រាប់-សិស្ស-ស្វ័យ-សិក្សា-គីមីវិទ្យា-ថ្នាក-1,ឯកសារ​បណ្ដាញ​ចំណេះដឹង​សម្រាប់​សិស្ស​ស្វ័យ​សិក្សា គីមីវិទ្យា ថ្នាក,2026,2026-09-17,
ឯកសារ-បណ្ដាញ-ចំណេះដឹង-សម្រាប់-សិស្ស-ស្វ័យ-សិក្សា-គីមីវិទ្យា-ថ្នាក-3,ឯកសារ​បណ្ដាញ​ចំណេះដឹង​សម្រាប់​សិស្ស​ស្វ័យ​សិក្សា គីមីវិទ្យា ថ្នាក,2026,2026-09-17,
ឯកសារ-បណ្ដាញ-ចំណេះដឹង-សម្រាប់-សិស្ស-ស្វ័យ-សិក្សា-គីមីវិទ្យា-ថ្នាក-4,ឯកសារ​បណ្ដាញ​ចំណេះដឹង​សម្រាប់​សិស្ស​ស្វ័យ​សិក្សា គីមីវិទ្យា ថ្នាក,2026,2026-09-17,
ឯកសារ-បណ្ដាញ-ចំណេះដឹង-សម្រាប់-សិស្ស-ស្វ័យ-សិក្សា-គីមីវិទ្យា-ថ្នាក,ឯកសារ​បណ្ដាញ​ចំណេះដឹង​សម្រាប់​សិស្ស​ស្វ័យ​សិក្សា គីមីវិទ្យា ថ្នាក,2026,2026-09-16,
ឯកសារ-បណ្ដាញ-ចំណេះដឹង-សម្រាប់-សិស្ស-ស្វ័យ-សិក្សា-ជីវវិទ្យា-ថ្នាក់-3,ឯកសារ​បណ្ដាញ​ចំណេះដឹង​សម្រាប់​សិស្ស​ស្វ័យ​សិក្សា ជីវវិទ្យា ថ្នាក់,2026,2026-09-17,
ឯកសារ-បណ្ដាញ-ចំណេះដឹង-សម្រាប់-សិស្ស-ស្វ័យ-សិក្សា-ជីវវិទ្យា-ថ្នាក់,ឯកសារ​បណ្ដាញ​ចំណេះដឹង​សម្រាប់​សិស្ស​ស្វ័យ​សិក្សា ជីវវិទ្យា ថ្នាក់,2026,2026-09-16,
ឯកសារ-បណ្ដាញ-ចំណេះដឹង-សម្រាប់-សិស្ស-ស្វ័យ-សិក្សា-ជីវវិទ្យា-ថ្នាក់-4,ឯកសារ​បណ្ដាញ​ចំណេះដឹង​សម្រាប់​សិស្ស​ស្វ័យ​សិក្សា ជីវវិទ្យា ថ្នាក់,2026,2026-09-17,
ឯកសារ-បណ្ដាញ-ចំណេះដឹង-សម្រាប់-សិស្ស-ស្វ័យ-សិក្សា-ជីវវិទ្យា-ថ្នាក់-2,ឯកសារ​បណ្ដាញ​ចំណេះដឹង​សម្រាប់​សិស្ស​ស្វ័យ​សិក្សា ជីវវិទ្យា ថ្នាក់,2026,2026-09-17,
ឯកសារ-បណ្ដាញ-ចំណេះដឹង-សម្រាប់-សិស្ស-ស្វ័យ-សិក្សា-ជីវវិទ្យា-ថ្នាក់-1,ឯកសារ​បណ្ដាញ​ចំណេះដឹង​សម្រាប់​សិស្ស​ស្វ័យ​សិក្សា ជីវវិទ្យា ថ្នាក់,2026,2026-09-16,
ឯកសារបណ្ដាញចំណេះដឹងសម្រាប់សិស្សស្វ័យសិក្សា-មុខជីវវិទ្យា-ថ្នាក់ទី១-2,ឯកសារបណ្ដាញចំណេះដឹងសម្រាប់សិស្សស្វ័យសិក្សា មុខជីវវិទ្យា ថ្នាក់ទី១,2026,2026-09-16,
ឯកសារបណ្ដាញចំណេះដឹងសម្រាប់សិស្សស្វ័យសិក្សា-មុខជីវវិទ្យា-ថ្នាក់ទី១,ឯកសារបណ្ដាញចំណេះដឹងសម្រាប់សិស្សស្វ័យសិក្សា មុខជីវវិទ្យា ថ្នាក់ទី១,2026,2026-09-16,
ឯកសារបណ្ដាញចំណេះដឹងសម្រាប់សិស្សស្វ័យសិក្សា-មុខជីវវិទ្យា-ថ្នាក់ទី១-1,ឯកសារបណ្ដាញចំណេះដឹងសម្រាប់សិស្សស្វ័យសិក្សា មុខជីវវិទ្យា ថ្នាក់ទី១,2026,2026-09-16,
ឯកសារបណ្ដាញចំណេះដឹងសម្រាប់សិស្សស្វ័យសិក្សា-មុខជីវវិទ្យា-ថ្នាក់ទី៧,ឯកសារបណ្ដាញចំណេះដឹងសម្រាប់សិស្សស្វ័យសិក្សា មុខជីវវិទ្យា ថ្នាក់ទី៧,2026,2026-09-16,
ឯកសារបណ្ដាញចំណេះដឹងសម្រាប់សិស្សស្វ័យសិក្សា-មុខជីវវិទ្យា-ថ្នាក់ទី៨,ឯកសារបណ្ដាញចំណេះដឹងសម្រាប់សិស្សស្វ័យសិក្សា មុខជីវវិទ្យា ថ្នាក់ទី៨,2026,2026-09-16,
ឯកសារបណ្ដាញចំណេះដឹងសម្រាប់សិស្សស្វ័យសិក្សា-មុខជីវវិទ្យា-ថ្នាក់ទី៩,ឯកសារបណ្ដាញចំណេះដឹងសម្រាប់សិស្សស្វ័យសិក្សា មុខជីវវិទ្យា ថ្នាក់ទី៩,2026,2026-09-16,
ឯកសារបណ្ដាញចំណេះដឹងសម្រាប់សិស្សស្វ័យសិក្សា-មុខវិជ្ជាគីមីវិទ្យា-ថ្,ឯកសារបណ្ដាញចំណេះដឹងសម្រាប់សិស្សស្វ័យសិក្សា មុខវិជ្ជាគីមីវិទ្យា ថ្,2026,2026-09-16,
ឯកសារបណ្ដាញចំណេះដឹងសម្រាប់សិស្សស្វ័យសិក្សា-មុខវិជ្ជាគីមីវិទ្យា-ថ្-1,ឯកសារបណ្ដាញចំណេះដឹងសម្រាប់សិស្សស្វ័យសិក្សា មុខវិជ្ជាគីមីវិទ្យា ថ្,2026,2026-09-16,
ឯកសារបណ្ដាញចំណេះដឹងសម្រាប់សិស្សស្វ័យសិក្សា-មុខវិជ្ជាគីមីវិទ្យា-ថ្-4,ឯកសារបណ្ដាញចំណេះដឹងសម្រាប់សិស្សស្វ័យសិក្សា មុខវិជ្ជាគីមីវិទ្យា ថ្,2026,2026-09-16,
ឯកសារបណ្ដាញចំណេះដឹងសម្រាប់សិស្សស្វ័យសិក្សា-មុខវិជ្ជាគីមីវិទ្យា-ថ្-5,ឯកសារបណ្ដាញចំណេះដឹងសម្រាប់សិស្សស្វ័យសិក្សា មុខវិជ្ជាគីមីវិទ្យា ថ្,2026,2026-09-16,
ឯកសារបណ្ដាញចំណេះដឹងសម្រាប់សិស្សស្វ័យសិក្សា-មុខវិជ្ជាគីមីវិទ្យា-ថ្-3,ឯកសារបណ្ដាញចំណេះដឹងសម្រាប់សិស្សស្វ័យសិក្សា មុខវិជ្ជាគីមីវិទ្យា ថ្,2026,2026-09-16,
ឯកសារបណ្ដាញចំណេះដឹងសម្រាប់សិស្សស្វ័យសិក្សា-មុខវិជ្ជាគីមីវិទ្យា-ថ្-2,ឯកសារបណ្ដាញចំណេះដឹងសម្រាប់សិស្សស្វ័យសិក្សា មុខវិជ្ជាគីមីវិទ្យា ថ្,2026,2026-09-16,
ឯកសារ-បណ្ដាញ-ចំណេះដឹង-សម្រាប់-សិស្ស-ស្វ័យ-សិក្សា-រូបវិទ្យា-ថ្នាក់,ឯកសារ​បណ្ដាញ​ចំណេះដឹង​សម្រាប់​សិស្ស​ស្វ័យ​សិក្សា រូបវិទ្យា ថ្នាក់,2026,2026-09-17,
ឯកសារ-បណ្ដាញចំណេះដឹងសម្រាប់ស្វ័យសិក្សា-រូបវិទ្យាថ្នាក់ទី១២,ឯកសារ​បណ្ដាញចំណេះដឹងសម្រាប់ស្វ័យសិក្សា រូបវិទ្យាថ្នាក់ទី១២,2026,2026-09-16,
ឯកសារបណ្តាញចំណេះដឹងសម្រាប់សិស្សស្វ័យសិក្សា-គណិតវិទ្យា-ថ្នាក់ទី៨,ឯកសារបណ្តាញចំណេះដឹងសម្រាប់សិស្សស្វ័យសិក្សា គណិតវិទ្យា ថ្នាក់ទី៨,2026,2026-09-17,
ឯកសារបណ្តាញចំណេះដឹងសម្រាប់សិស្សស្វ័យសិក្សាមុខវិជ្ជាភាសាខ្មែរ-ថ្នា,ឯកសារបណ្តាញចំណេះដឹងសម្រាប់សិស្សស្វ័យសិក្សាមុខវិជ្ជាភាសាខ្មែរ ថ្នា,2026,2026-09-16,
ឯកសារបណ្តាញចំណេះដឹងសម្រាប់សិស្សស្វ័យសិក្សាមុខវិជ្ជារូបវិទ្យា-ថ្នា,ឯកសារបណ្តាញចំណេះដឹងសម្រាប់សិស្សស្វ័យសិក្សាមុខវិជ្ជារូបវិទ្យា ថ្នា,2026,2026-09-16,
ឯកសារបណ្តាញចំណេះដឹងស្វ័យសិក្សាសម្រាប់សិស្សមុខវិជ្ជាគណិតវិទ្យា-ថ្ន-2,ឯកសារបណ្តាញចំណេះដឹងស្វ័យសិក្សាសម្រាប់សិស្សមុខវិជ្ជាគណិតវិទ្យា ថ្ន,2026,2026-09-16,
ឯកសារបណ្តាញចំណេះដឹងស្វ័យសិក្សាសម្រាប់សិស្សមុខវិជ្ជាគណិតវិទ្យា-ថ្ន,ឯកសារបណ្តាញចំណេះដឹងស្វ័យសិក្សាសម្រាប់សិស្សមុខវិជ្ជាគណិតវិទ្យា ថ្ន,2026,2026-09-16,
ឯកសារបណ្តាញចំណេះដឹងស្វ័យសិក្សាសម្រាប់សិស្សមុខវិជ្ជាគណិតវិទ្យា-ថ្ន-1,ឯកសារបណ្តាញចំណេះដឹងស្វ័យសិក្សាសម្រាប់សិស្សមុខវិជ្ជាគណិតវិទ្យា ថ្ន,2026,2026-09-16,
ឯកសារបណ្តាញចំណេះដឹងស្វ័យសិក្សាសម្រាប់សិស្សមុខវិជ្ជាគណិតវិទ្យា-ថ្ន-5,ឯកសារបណ្តាញចំណេះដឹងស្វ័យសិក្សាសម្រាប់សិស្សមុខវិជ្ជាគណិតវិទ្យា ថ្ន,2026,2026-09-16,
ឯកសារបណ្តាញចំណេះដឹងស្វ័យសិក្សាសម្រាប់សិស្សមុខវិជ្ជាគណិតវិទ្យា-ថ្ន-4,ឯកសារបណ្តាញចំណេះដឹងស្វ័យសិក្សាសម្រាប់សិស្សមុខវិជ្ជាគណិតវិទ្យា ថ្ន,2026,2026-09-16,
ឯកសារបណ្តាញចំណេះដឹងស្វ័យសិក្សាសម្រាប់សិស្សមុខវិជ្ជាគណិតវិទ្យា-ថ្ន-3,ឯកសារបណ្តាញចំណេះដឹងស្វ័យសិក្សាសម្រាប់សិស្សមុខវិជ្ជាគណិតវិទ្យា ថ្ន,2026,2026-09-16,
ឯកសារបណ្តាញចំណេះដឹងស្វ័យសិក្សាសម្រាប់សិស្សមុខវិជ្ជារូបវិទ្យា-ថ្នា,ឯកសារបណ្តាញចំណេះដឹងស្វ័យសិក្សាសម្រាប់សិស្សមុខវិជ្ជារូបវិទ្យា ថ្នា,2026,2026-09-16,
ឯកសារបណ្តាញចំណេះដឹងស្វ័យសិក្សាសម្រាប់សិស្សមុខវិជ្ជារូបវិទ្យា-ថ្នា-2,ឯកសារបណ្តាញចំណេះដឹងស្វ័យសិក្សាសម្រាប់សិស្សមុខវិជ្ជារូបវិទ្យា ថ្នា,2026,2026-09-16,
ឯកសារបណ្តាញចំណេះដឹងស្វ័យសិក្សាសម្រាប់សិស្សមុខវិជ្ជារូបវិទ្យា-ថ្នា-1,ឯកសារបណ្តាញចំណេះដឹងស្វ័យសិក្សាសម្រាប់សិស្សមុខវិជ្ជារូបវិទ្យា ថ្នា,2026,2026-09-16,
ឯកសារបុរាណនាស-វ-ទី១១-ឬស-វ-ទី១២-របស់អាមេរិចបុរាណ-the-dresden-code,ឯកសារបុរាណនាស.វ.ទី១១ ឬស.វ.ទី១២ របស់អាមេរិចបុរាណ៖ The Dresden Code,2026,2026-09-16,
ឯកសារ-ស្វ័យ-សិក្សា-គណិតវិទ្យា-ថ្នាក់-ទី១០,ឯកសារ​ស្វ័យ​សិក្សា គណិតវិទ្យា​ ថ្នាក់​ទី១០,2026,2026-09-16,
ឯកសារ-ស្វ័យ-សិក្សា-គីមីវិទ្យា-ថ្នាក់-ទី១០,ឯកសារ​ស្វ័យ​សិក្សា គីមីវិទ្យា​ ថ្នាក់​ទី១០,2026,2026-09-16,
ឯកសារ-ស្វ័យសិក្សា-ផែនដីវិទ្យា-និង-បរិស្ថាន-ថ្នាក់ទី១០,ឯកសារ​ស្វ័យសិក្សា ផែនដីវិទ្យា​ និង​បរិស្ថាន ថ្នាក់ទី១០,2026,2026-09-16,
ឯកសារ-ស្វ័យ-សិក្សា-រូបវិទ្យា-ថ្នាក់-ទី១០,ឯកសារ​ស្វ័យ​សិក្សា រូបវិទ្យា​ ថ្នាក់​ទី១០,2026,2026-09-16,
ឯកសារស្វ័យសិក្សាគីមីវិទ្យាថ្នាក់ទី១១,ឯកសារស្វ័យសិក្សាគីមីវិទ្យាថ្នាក់ទី១១,2026,2026-09-16,
ឯកសារស្វ័យសិក្សាគីមីវិទ្យាថ្នាក់ទី១២,ឯកសារស្វ័យសិក្សាគីមីវិទ្យាថ្នាក់ទី១២,2026,2026-09-16,
ឯកសារស្វ័យសិក្សាគីមីវិទ្យាថ្នាក់ទី៧,ឯកសារស្វ័យសិក្សាគីមីវិទ្យាថ្នាក់ទី៧,2026,2026-09-16,
ឯកសារស្វ័យសិក្សាគីមីវិទ្យាថ្នាក់ទី៨,ឯកសារស្វ័យសិក្សាគីមីវិទ្យាថ្នាក់ទី៨,2026,2026-09-16,
ឯកសារស្វ័យសិក្សាគីមីវិទ្យាថ្នាក់ទី៩,ឯកសារស្វ័យសិក្សាគីមីវិទ្យាថ្នាក់ទី៩,2026,2026-09-16,
ឯកសារស្វ័យសិក្សាជីវវិទ្យាថ្នាក់ទី១0,ឯកសារស្វ័យសិក្សាជីវវិទ្យាថ្នាក់ទី១0,2026,2026-09-16,
ឯកសារស្វ័យសិក្សារូបវិទ្យាថ្នាក់ទី១១,ឯកសារស្វ័យសិក្សារូបវិទ្យាថ្នាក់ទី១១,2026,2026-09-16,
ឯកសារស្វ័យសិក្សារូបវិទ្យាថ្នាក់ទី១២,ឯកសារស្វ័យសិក្សារូបវិទ្យាថ្នាក់ទី១២,2026,2026-09-16,
ឯកសារស្វ័យសិក្សារូបវិទ្យាថ្នាក់ទី៨,ឯកសារស្វ័យសិក្សារូបវិទ្យាថ្នាក់ទី៨,2026,2026-09-16,
ឯកសារស្វ័យសិក្សារូបវិទ្យាវិទ្យាថ្នាក់ទី៧,ឯកសារស្វ័យសិក្សារូបវិទ្យាវិទ្យាថ្នាក់ទី៧,2026,2026-09-16,
ឯកសារស្វ័យសិក្សារូបវិទ្យាវិទ្យាថ្នាក់ទី៩,ឯកសារស្វ័យសិក្សារូបវិទ្យាវិទ្យាថ្នាក់ទី៩,2026,2026-09-16,
